name_of_protagonis_actor,surname_of_protagonist_actor,actor_nationality
Chris,Pine,Italy
Josh,Charles,India
Meaghan,Martin,India
Mohamed,Henedi,Canada
Patrick,Wilson,United States
Robb,Wells,India
Marcel,Borrs,Turkey
Garrett,Ryan,United States
Sarah,Jessica,India
Winslow,Fegley,China
Emma,Thompson,United States
Kristen,Stewart,United States
Nick,Kroll,Turkey
Amr,AbdelGeleel,United States
Ginnifer,Goodwin,Spain
Brely,Evans,Ireland
David,Morrissey,United States
Della,Dartyan,Saudi Arabia
Dirk,Bogarde,Spain
Eamon,Farren,United States
Emile,Hirsch,Germany
Eric,Roberts,United States
Feng,Ku,United States
Gen,Hoshino,United States
Greg,Kinnear,United Kingdom
Halle,Berry,United States
Hedy,Lamarr,Indonesia
Imran,Khan,Turkey
Jacqueline,Fernandez,United States
James,Stewart,United States
Jay,Baruchel,Sweden
Jerry,Lewis,India
Jirayu,Laongmanee,United States
Johnny,Depp,United States
Justin,Deeley,Nigeria
Adam,Sandler,United States
Ahmed,Eid,India
Alexander,Skarsgrd,United States
America,Young,Nigeria
Anil,Kapoor,India
Ariana,Grande,Turkey
Axle,McCoy,Spain
Charlotte,Le,Spain
Kate,Higgins,Australia
Miguel,Rodarte,United States
Morgan,Freeman,United States
Kunal,Khemu,Norway
Oliver,Masucci,India
Vijay,Sethupathi,United States
Rajpal,Yadav,Mexico
Shammi,Kapoor,United Kingdom
Shiv,Pandit,Pakistan
Sohail,Khan,United States
Stephon,Marbury,United States
Sunny,Kaushal,United States
Tara,Strong,Mexico
Thomas,Mann,United States
Holly,Taylor,United States
Kate,Murphy,Brazil
Mahmoud,Abdel,India
William,Lodder,United States
Clint,Eastwood,United States
Larenz,Tate,India
Mohamed,Ragab,United States
Paul,Bettany,South Korea
Damandeep,Singh,France
Mark,Wahlberg,United States
Mei,Kayama,India
PK,Nair,Uruguay
Bill,Hicks,India
Bjarke,Ingels,United States
Brittany,Snow,Canada
Camila,Mendes,United States
Cate,Blanchett,United Kingdom
Chang,Tinghu,United Kingdom
Charlotte,Vega,United Kingdom
Chris,Farley,India
Lilian,Esoro,United States
Joy,Sengupta,India
Benot,Magimel,France
James,Franco,United States
Jason,Ritter,Indonesia
Jeff,Dunham,United Kingdom
Jim,Carrey,United States
John,Cusack,India
Jose,Coronado,Mexico
Quincy,Jones,United States
Rory,Scovel,United States
Selva,Rasalingam,France
Syrus,Shahidi,United States
Shashank,Shende,United States
Sissy,Spacek,Taiwan
Stephen,Chow,India
Subodh,Bhave,United States
Takaya,Kamikawa,United States
Thomas,Blanchard,United States
Vijay,Kumar,Australia
Vinod,Mehra,China
Luke,Kenny,Australia
Bea,Alonzo,United States
Marc,Maron,South Africa
Rano,Karno,United States
Bernat,Quintana,Nigeria
Oliver,JacksonCohen,Japan
Marc,Maron,South Africa
Sam,Ashe,India
Sanjay,Dutt,India
Scott,Menville,Uruguay
Shahid,Kapoor,United Kingdom
Todrick,Hall,United States
Trae,Ireland,United States
Valeria,Bertuccelli,China
Jason,Sudeikis,United Kingdom
Vin,Diesel,United Kingdom
Jakob,Dylan,Canada
Jared,Leto,India
Jean,Dujardin,India
Jessica,Chastain,India
Johan,Cruyff,India
Jonas,Nay,Canada
Sarah,Davenport,France
Kevin,Hart,United States
Daryle,Lamont,France
Debs,Howard,Pakistan
Dharmajan,Bolgatty,United States
Dougray,Scott,China
Eileen,Yez,France
Emma,Watson,United States
Fardeen,Khan,Turkey
Gaspard,Schlatter,Argentina
Gong,Yoo,United Kingdom
Hctor,Anglada,Chile
Harrison,Ford,United States
Hyun,Bin,Mexico
Maaya,Sakamoto,Japan
Selva,Rasalingam,France
Michael,Roark,India
Ajay,Devgn,India
Nick,Offerman,United States
Sermiyan,Midyat,Philippines
Amitabh,Bachchan,India
Brian,Austin,United States
Madhampatti,Rangaraj,United States
Amruta,Subhash,Spain
Beverly,Naya,United Kingdom
Nicolas,Cage,United States
Zion,Clark,United States
Franck,Dubosc,Mexico
Kangana,Ranaut,France
Kinda,Allouch,Denmark
Nurgl,Yeilay,Philippines
Pauly,Shore,Turkey
Peter,Firth,United Kingdom
Preechaya,Pongthananikorn,India
Charlotte,Gainsbourg,India
Karra,Elejalde,India
Keri,Russell,United States
Nasim,Pedrad,Philippines
President,Barack,India
Ricardo,Quevedo,United Kingdom
Julianne,Moore,India
Kevin,Costner,United States
Michelle,Williams,United States
Ramsey,Nouah,France
Viola,Davis,Japan
Aamir,Khan,United Kingdom
Abhay,Mahajan,United States
Aenne,Schwarz,Japan
Alain,Moussi,France
Alison,Brie,United States
Angela,Bassett,Chile
Antonio,Banderas,Spain
Ashley,Pereira,United States
Julie,Maddalena,United States
Michael,James,India
Nicolette,Kluijver,United States
Ola,Rapace,India
Vidya,Sinha,United States
Yogi,Babu,United States
Bethany,Hamilton,Lebanon
Betty,White,India
Kevin,Makely,United States
Ranbir,Kapoor,India
Seth,Carr,United Kingdom
William,Ackman,United States
Jackie,Appiah,Indonesia
Larry,the,United States
Laura,Bailey,Spain
Omar,Epps,Lebanon
Pedro,Alonso,Canada
Ricardo,Quevedo,United Kingdom
Virginie,Ledoyen,United States
Colin,Quinn,United States
Danny,Trejo,United States
Leslie,Caron,India
Matthew,Broderick,India
Max,Pomeranc,India
Nana,Patekar,India
Quincy,Jones,United States
Ramez,Galal,United States
Victoria,Justice,United States
lvaro,Ogalla,France
Adam,Sandler,United States
Ahmed,Hassan,Spain
Alexa,PenaVega,France
Amitabh,Bachchan,India
Anil,Kapoor,India
Armeena,Rana,United States
Ayushmann,Khurrana,United States
Aziz,Ansari,India
Brenton,Thwaites,United States
Gina,Yashere,Nigeria
Jackie,Chan,China
Justin,Fletcher,Turkey
Keanu,Reeves,United States
Keira,Knightley,France
Leslie,Cheung,United States
Owen,Campbell,United Kingdom
Paul,Giamatti,United States
Saad,Abdullah,Brazil
Seth,Rogen,United States
Vidya,Balan,Egypt
Vinod,Khanna,United States
Amrinder,Gill,South Africa
Anisa,Rahma,United States
Bill,Hicks,India
Christian,Bale,United States
Christina,Ricci,France
Gitte,Witt,South Africa
Hrithik,Roshan,Japan
Kanto,Shimokura,United States
Macon,Blair,Japan
Madhuri,Dixit,South Africa
Miles,Teller,United States
Oscar,Martnez,United Kingdom
Rachel,Boston,United States
Siddhu,Jonnalagadda,Malaysia
Suyog,Rajendra,Saudi Arabia
Vikas,Vasistha,United States
Zach,McGowan,United Kingdom
Barun,Sobti,United States
Jack,Whitehall,United Kingdom
Lina,Larissa,France
Mahira,Khan,Turkey
Pierce,Brosnan,Ireland
Richard,MofeDamijo,Indonesia
Sameh,Hussain,United States
Santosh,Juvekar,United States
Sebastin,Marcelo,Finland
Shah,Rukh,Taiwan
Tom,Hopper,United States
Tripti,Dimri,Indonesia
Vanessa,Hudgens,Argentina
Vidya,Balan,Egypt
Yang,Tianxiang,Germany
Zita,Hanrot,United States
Aaron,Pedersen,India
Adil,Hussain,France
Akshay,Kumar,United States
Alex,Heartman,United States
Anders,Danielsen,Nigeria
Anne,Hathaway,United States
Arnold,Schwarzenegger,Germany
Billie,Joe,Argentina
Black,Deniro,Philippines
Bronwen,Mantel,United States
Carey,Mulligan,United States
Chantavit,Dhanasevi,United Kingdom
Chika,Ike,United States
Daniel,Gimnez,United States
Debi,Derryberry,United States
Denzel,Washington,United States
Donnie,Yen,India
Edward,Chen,Turkey
Emma,Stone,France
Fabrizio,Copano,India
Francesco,De,Chile
Gabriel,Iglesias,United States
Gina,Rodriguez,Argentina
Guy,Pearce,Australia
Harley,Quinn,United States
Holly,Hunter,United States
Irrfan,Khan,Turkey
Kristen,Bell,United States
Max,von,United States
Noah,Kaye,Indonesia
Pierce,Brosnan,Ireland
Ramsey,Nouah,France
Samuel,L,India
Yalitza,Aparicio,India
Ajay,Devgn,India
Jennifer,Aniston,United States
Nicolas,Hope,United States
OC,Ukeje,Japan
Patrick,Wilson,United States
Swara,Bhaskar,United States
Tom,Rhys,France
Younes,Bouab,Argentina
Abhishek,Bachchan,Argentina
Aftab,Shivdasani,Ireland
Alban,Lenoir,United States
Alycia,DebnamCarey,United States
Angelica,Panganiban,Spain
Anton,Yelchin,India
Ata,Demirer,United Kingdom
Ben,Stiller,United States
Daniel,Craig,United States
Fahad,Albutairi,Philippines
Oona,Chaplin,France
Paz,Bascun,Spain
Sarah,Cooper,Spain
Wanda,Sykes,Egypt
Wendell,Pierce,France
Adam,Sandler,United States
Ahmed,Eid,India
Alexandra,Daddario,United States
Amina,Khalil,Philippines
Anil,Kapoor,India
Ari,Irham,United States
Aya,Erturan,Malaysia
Hussain,Al,India
Jen,Kirkman,United States
Kartik,Aaryan,United States
Kurt,Russell,United States
Lolita,Chatterjee,Turkey
Nabila,Ebeid,United States
OC,Ukeje,Japan
Om,Puri,Israel
Sam,Rockwell,Germany
Will,Smith,United States
Beln,Soto,Paraguay
Danna,Paola,United Kingdom
David,Duchovny,Canada
Deepak,Sampat,United States
Dick,Van,Singapore
Dulquer,Salmaan,Canada
Elsa,Dorfman,United States
Eric,Balfour,India
Fedi,Nuril,Egypt
Genevieve,Nnaji,United States
Grace,Van,India
Haley,Bennett,Japan
Hayden,Christensen,Philippines
Ikue,Otani,United States
Julia,WieniawaNarkiewicz,United Kingdom
Kurt,Russell,United States
Kyunggu,Seol,Argentina
Logan,Browning,Spain
Rajeev,Anand,Italy
Rosario,Dawson,Mexico
Saeed,AlSheryani,United States
Samuel,L,United States
Samuel,West,India
Satya,Dev,France
Shaan,Shahid,Netherlands
Tiger,Shroff,India
Tom,Segura,India
Tye,Sheridan,United States
Will,Yun,United States
Ajay,Devgn,India
Aki,Toyosaki,India
Chris,Rock,United States
Christopher,Abbott,Ireland
Chutimon,Chuengcharoensukying,Israel
Dawnisha,Halfkenny,Philippines
Denis,Leary,United States
Donghwi,Lee,United States
Eddie,Redmayne,United States
Emma,Bell,United States
Ewan,McGregor,Scotland
Fortune,Feimster,United Kingdom
Funke,Akindele,Canada
Gil,Alexandre,India
Guru,Somasundaram,Mexico
Hannah,Marks,India
Herjunot,Ali,India
Iqbaal,Ramadhan,Canada
Kate,Winslet,United States
Katt,Williams,United States
Kento,Yamazaki,Japan
Mamoudou,Athie,Lebanon
Matilda,Lutz,Argentina
Morgan,Freeman,United States
Oscar,Isaac,United States
Oscar,Martnez,United Kingdom
Philippe,Aractingi,Nigeria
Piolo,Pascual,Italy
Ravi,Babu,Thailand
Reza,Rahadian,Brazil
Ricardo,Quevedo,United Kingdom
Sreymoch,Sareum,United States
Weruche,Opia,Turkey
Will,Smith,United States
Zeenat,Aman,Nigeria
Zhang,Yi,Germany
Adama,Niane,United States
Agustn,Aristarn,Indonesia
Alejandro,Pea,United Kingdom
Amaury,Nolasco,Germany
Aniello,Arena,Lebanon
Anwulika,Alphonsus,Poland
Aubrey,Peeples,United States
Clive,Owen,India
Dave,Johns,India
Deepak,Dobriyal,India
Dian,Sastrowardoyo,United Kingdom
Dulquer,Salmaan,Canada
Elle,Fanning,United Kingdom
Erica,Wessels,United States
Farooq,Shaikh,United States
Geetika,Vidya,South Korea
Gordon,Liu,Brazil
Hajira,Yamin,India
Harry,Styles,United States
Ignacia,Allamand,United Kingdom
Luis,Tosar,India
Mike,Smith,Canada
Milan,Maric,United Kingdom
Rakesh,Varre,United Kingdom
Ron,Perlman,United States
Tauquir,Ahmed,France
Will,Ferrell,United States
Aamir,Khan,United Kingdom
Ahmed,Helmy,United States
Ajay,Devgn,India
James,Franco,United States
Jason,Statham,United States
Jeff,Dunham,United Kingdom
Jimi,Hendrix,Ireland
John,Lloyd,United States
Josephine,Langford,Hong Kong
Keith,Richards,India
Lorraine,Gary,United States
Maine,Mendoza,Turkey
Mike,Tyson,United States
Ranbir,Kapoor,India
Tenoch,Huerta,Indonesia
Bea,Santos,United Kingdom
Cornelia,Grschel,United States
Cynthia,Kirchner,India
Liss,Pereira,Egypt
Maxwell,Simba,United States
Mel,Gibson,United States
Riteish,Deshmukh,India
Roy,Chiu,Brazil
Freida,Pinto,United States
Nils,dAulaire,Spain
Richard,MofeDamijo,Indonesia
Riz,Ahmed,United States
Robert,Reich,United States
Salman,Khan,India
Salman,Khan,United States
Sam,Worthington,South Korea
Sandra,Bullock,United States
Saurav,Chakraborty,Canada
Scott,Adkins,United States
Shabana,Azmi,South Korea
Shahid,Kapoor,United Kingdom
Tini,Tom,Hong Kong
Todd,Field,France
Tony,Hale,United States
Tony,Parker,United States
Ulrich,Thomsen,United Kingdom
Urzila,Carlson,United States
Adeel,Hussain,France
Aishwarya,Rajesh,United States
Frank,Grillo,United States
Jennifer,Lopez,United States
Loretta,Devine,Germany
Lukram,Smil,United States
Ryan,Reynolds,United States
Wale,Ojo,South Korea
brahim,Bykak,India
Abdulmohsen,AlQaffas,United States
Adrian,Pasdar,Spain
Akshay,Kumar,United States
Alfre,Woodard,India
Andrew,Steel,Turkey
Antonella,Costa,Egypt
Ashleigh,Ball,United States
Mai,Ezz,Italy
Saskia,Hampele,United States
Yolanthe,Cabau,United States
Baraa,Alem,Germany
Ben,Stiller,United States
Christopher,Masterson,United States
David,Harbour,India
Deepti,Naval,Netherlands
Diljit,Dosanjh,India
Dylan,Walsh,United States
Emayatzy,Corinealdi,India
Eric,Meyers,United States
Felix,Starck,United States
Gene,Wilder,Argentina
Graham,Phillips,United States
Halina,Buynooza,Canada
Hedi,Bouchenafa,India
Imran,Khan,Turkey
Kip,Andersen,United States
Amy,Winehouse,United States
Judy,Davis,Canada
Kehinde,Bankole,United States
Leon,Vitali,India
Lily,James,India
Maged,El,Brazil
Maris,Degener,India
Mrinmayee,Godbole,Mexico
Riteish,Deshmukh,India
Aaron,Paul,United States
Adhisty,Zara,United Kingdom
Akshay,Kumar,United States
Alex,Frnka,United States
Anamaya,Verma,India
Anne,Hathaway,United States
Arnali,Das,India
James,Lawrence,Spain
Jason,Statham,United States
Jeffrey,Wright,Netherlands
Jimmy,Carr,United States
John,Lloyd,United States
Joseph,Millson,United States
Julian,Schaffner,United States
Kelli,Berglund,Indonesia
Leonardo,Medeiros,India
Mohamed,Saad,Argentina
Najwa,Nimri,United States
P,Samuthirakani,United States
Rachael,Leigh,South Korea
Rana,Eid,Brazil
Seiran,Kobayashi,Philippines
Sendhil,Ramamurthy,United States
Kristen,Stewart,United States
Vernica,Alva,United States
Vice,Ganda,India
Bing,Crosby,India
Boman,Irani,India
Burt,Reynolds,United States
Carmen,Electra,India
Chadwick,Boseman,United States
Charlie,Sheen,United States
Chris,Attoh,India
Christian,Bale,United States
Jack,Black,United States
Leonardo,DiCaprio,United States
Leslie,Nielsen,United Kingdom
Pratik,Gandhi,India
Sharon,Cuneta,United States
Simon,Amstell,Brazil
Stan,Nze,Spain
Stu,Bennett,India
Takanori,Iwata,United States
The,Notorious,United States
Vatsal,Dubey,United States
Wallace,Chung,United States
Woody,Harrelson,United States
Casper,Van,Nigeria
Craig,Sechler,Canada
Eileen,Atkins,India
Teresa,Gallagher,India
Vice,Ganda,India
Zach,Galifianakis,United States
lvaro,Cervantes,United States
Ankush,Chaudhari,India
Gippy,Grewal,Nigeria
Luciano,Gonzlez,India
Megalyn,Echikunwoke,Colombia
Raghuvir,Yadav,Malaysia
Rakesh,Batra,Singapore
Szabolcs,Thurczy,United States
Adesua,Etomi,Canada
AiAi,de,United States
Amruta,Subhash,United States
Faisal,Al,United Kingdom
James,Franco,United States
Jason,Segel,United States
Jeff,Dunham,United Kingdom
Jim,Carrey,United States
John,David,United States
Joseph,GordonLevitt,United States
Kajal,Aggarwal,United States
Kapil,Sharma,India
Keanu,Reeves,United States
Manoj,Bajpayee,Singapore
Matthew,McConaughey,United States
Nicholas,Hoult,United States
Pavan,Malhotra,Indonesia
Ral,Fernndez,India
Taher,Farouz,Italy
Vishwaksen,Naidu,India
Youssef,Chahine,India
Zachary,Spicer,Spain
Adam,Sandler,United States
Ahmed,El,United States
Alexandre,Rodrigues,United Kingdom
Amitabh,Bachchan,India
Anil,Kapoor,India
Ari,Irham,United States
Ayo,Makun,Peru
Jacob,Gregory,United Kingdom
James,Mathis,United States
Javicia,Leslie,United States
Jeremy,Renner,United Kingdom
Jim,Parsons,Belgium
John,Mulaney,India
Nehir,Erdoan,Canada
Nick,Offerman,United States
Prakash,Raj,India
Rano,Karno,United States
Vir,Das,India
Cynthia,Dankwa,Egypt
Michael,Jai,United States
Nakhane,Tour,Brazil
Robert,Kazinsky,United States
Ryan,Hamilton,Indonesia
Samira,Wiley,India
Victoria,Justice,United States
Vito,Sanz,India
Will,Brittain,Indonesia
Zach,Braff,United States
Ajay,Devgn,India
Anil,Kapoor,India
Beln,Rueda,India
Benedict,Cumberbatch,Brazil
Harrison,Ford,United States
Kangho,Song,United States
Mahesh,Babu,South Africa
Nandu,Madhav,India
Nicole,Brydon,Colombia
Paco,Len,India
Ricki,Stern,France
Ronda,Rousey,United States
Ryu,Seungryong,Taiwan
Werner,Herzog,Thailand
Catherine,Hicks,Japan
Irrfan,Khan,Turkey
Kika,Magalhes,India
Maximilian,Schmidt,India
Mirai,Shida,United States
Prakash,Bare,Chile
Salman,Khan,India
Sam,Kinison,United States
Samuel,West,India
Sandra,Bullock,United States
Scarlett,Johansson,United States
Shahid,Kapoor,United Kingdom
Toby,Sebastian,United States
Tony,Leung,Egypt
Urwa,Hocane,United States
Aamir,Khan,United Kingdom
Adam,Sandler,United States
Ahmed,Ezz,United Kingdom
Alexandria,OcasioCortez,Japan
Amitabh,Bachchan,India
Anil,Kapoor,India
Arjun,Kapoor,France
Ayo,Makun,Peru
Baaj,Adebule,United States
Danny,Glover,United States
Jason,Sudeikis,United Kingdom
John,Lloyd,United States
Lise,Danvers,India
Louis,Koo,United States
Manny,Pacquiao,India
Mason,Vale,Germany
Mila,Kunis,Colombia
Narges,Rashidi,France
Paulina,Garca,United States
Steve,Madden,Japan
AR,Rahman,France
Abhay,Deol,United States
Adrien,Brody,United Kingdom
Alain,Hernndez,United Kingdom
Alice,Eve,Iceland
Andy,Lau,United States
Antonio,Banderas,Spain
Ashleigh,Ball,United States
James,Cameron,Chile
Jason,Mewes,United States
Jeff,Bridges,Canada
Jewel,ThaisWilliams,India
John,C,United States
Jorge,Garca,Philippines
Kent,Osborne,Indonesia
Kevin,Spacey,Malaysia
Lizzie,WaterworthSanto,United States
Massimo,Bottura,United Kingdom
Matthew,Reese,United Kingdom
Michael,Gross,United States
Olu,Jacobs,Romania
Ramsey,Nouah,France
Robbie,Daymond,United States
Ryosuke,Yamada,France
Sasha,Lane,Philippines
Ted,Williams,United States
Ben,Schwartz,United States
Braeden,Lemasters,Spain
Jack,Lemmon,Hong Kong
Jake,Gyllenhaal,United States
Janna,Levin,Australia
JeanClaude,Van,United States
Jesse,Eisenberg,United Kingdom
Joey,Kern,China
John,Wayne,United States
Julin,Arango,India
Julia,WieniawaNarkiewicz,United States
Kavin,Jay,United States
Kristen,Bell,United States
Leonardo,DiCaprio,United States
Luis,Guzmn,United States
Mara,Pedraza,Kuwait
Natalia,Oreiro,Brazil
Nawazuddin,Siddiqui,Canada
Puri,Hiranyapluek,South Korea
Richard,Kind,United States
Will,Ferrell,United States
Amitabh,Bachchan,India
Jacqueline,Toboni,India
Jamie,Bell,United States
Jay,Duplass,France
Jerry,Seinfeld,United States
Joaqun,Ferreira,South Africa
John,Paul,United States
Kellan,Lutz,Colombia
Khalil,Ramos,India
Lewis,Rainer,United States
Mark,Chao,France
Nawazuddin,Siddiqui,Canada
Nina,Kulkarni,Indonesia
Roshan,Prince,France
Sydney,Cope,United States
Daryl,Sabara,United States
Dee,Bradley,Turkey
Dhruva,Padmakumar,United States
Drew,Sidora,Mexico
Elijah,Wood,United Kingdom
Emraan,Hashmi,United Kingdom
Fardeen,Khan,Turkey
Frank,Welker,United States
Gavin,Lewis,India
Goo,Jin,United States
Haifa,Wehbe,India
Harrison,Ford,United States
Ice,Cube,United Kingdom
Jackie,Chan,China
Jacob,Elordi,Hong Kong
James,Marsden,United States
Jaswinder,Bhalla,United States
Jeremy,Renner,India
Jimmy,Shergill,Italy
John,Mulaney,India
Kelly,Hu,India
Lehar,Khan,Turkey
Malhar,Thakar,United States
Matthew,Knight,United States
Michelle,Wolf,Germany
Mischa,Barton,United States
Nicolas,Cage,United States
Ray,Stevenson,United States
Romany,Malco,United States
Ryan,Reynolds,United States
Taylor,Kitsch,Nigeria
Vincent,Elbaz,India
Anmol,Limbu,United States
Daniela,Ramrez,Sweden
Gary,Lightbody,India
Katie,Couric,India
Kevin,Hart,United States
Kurt,Russell,United States
Leonardo,Sbaraglia,Nigeria
Luccas,Neto,Poland
Madhuri,Dixit,Japan
Mahesh,Bhatt,United States
Martin,Freeman,United States
Martin,Lawrence,United Kingdom
Matthew,Wolf,United States
Meryl,Streep,United States
Mo,Gilligan,Italy
Mohamed,Emam,United States
Morgan,Neundorf,United States
Nicolas,Cage,United States
Rafinha,Bastos,India
Rajkummar,Rao,India
Ram,Dass,United Kingdom
Ron,Moody,India
Ruby,Barnhill,India
Salman,Khan,India
Samyuktha,Menon,India
Saverio,Raimondo,United States
Shahid,Kapoor,United Kingdom
Shen,Lin,South Africa
Sladen,Peltier,United Kingdom
Stephen,Fry,United Kingdom
Suhasini,Mulay,Australia
Talal,ElJordi,United States
Thomas,Gullestad,United States
Tio,Pakusadewo,United States
Tony,Leung,Egypt
Uma,Thurman,United States
Abhishek,Bachchan,Argentina
Afonso,Padilha,Taiwan
Ahmed,Helmy,United States
Alain,Saadeh,Argentina
Ali,Suliman,United States
Amitabh,Bachchan,India
Angelica,Panganiban,Spain
Antonio,de,United States
Asser,Yassin,Spain
Claire,Danes,Netherlands
Colin,Firth,United Kingdom
Jack,OConnell,Brazil
Jake,Short,United Kingdom
Jan,Nowicki,United States
JeanClaude,Van,United States
Jessica,Allain,Indonesia
Joey,King,United States
Jonah,Hill,United States
Kareem,Mahmoud,United States
Karim,Saleh,India
Kate,Higgins,Australia
Katt,Williams,United States
Kevin,Bacon,United States
Kritika,Sachdeva,United States
Marc,Zinga,India
Mario,Casas,United States
Maurice,LaMarche,United States
Maya,Angelou,United Kingdom
Meryl,Streep,United States
Michael,Shannon,United States
Michelle,Williams,United States
Milene,Vzquez,United States
Omoni,Oboli,Japan
Paige,Turco,Canada
Prisia,Nasution,United States
Ricardo,Hurtado,Egypt
Robert,Downey,United States
Rooney,Mara,Argentina
Sam,Claflin,United States
Sanjay,Dutt,India
Scout,TaylorCompton,India
Shahid,Kapoor,United Kingdom
Shannyn,Sossamon,Nigeria
Sharlto,Copley,India
Shiv,Pandit,Taiwan
Sola,Sobowale,United States
Steve,Buscemi,Nigeria
Supanart,Jittaleela,United States
Tara,Strong,Mexico
Thammegowda,S,United States
Thom,Yorke,Japan
Tom,Fassaert,Italy
Travis,Scott,India
Valerio,Mastandrea,United States
Vibhawari,Deshpande,United States
Will,Arnett,Japan
Willy,T,United Kingdom
Bella,Thorne,United States
Bhargavi,Chirmuley,India
Dale,Elliott,United States
Edward,Norton,United States
Franco,Masini,India
James,Franco,United States
Jason,Segel,United States
Jeff,Dunham,United Kingdom
Jim,Gaffigan,United Kingdom
John,Hawkes,South Korea
Joseph,GordonLevitt,United States
Kathryn,Bernardo,United States
Lama,Hakeim,Thailand
Laura,Marano,United States
Linas,Phillips,France
Madhura,Velankar,Netherlands
Mary,Joy,Philippines
Mike,Smith,Canada
Oscar,Isaac,United States
Patrick,Wilson,United States
Rahama,Sadau,United States
Robert,Downey,United States
Roy,Marsden,United States
Sadiq,Daba,Spain
Shaimaa,Abdelkader,Germany
Shiloh,Fernandez,United States
Snoop,Dogg,India
Stephen,Fry,United Kingdom
Sumriddhi,Shukla,United States
Tapsee,Pannu,United States
Thomas,Mann,United States
Vinay,Pathak,India
Zoe,Kazan,United States
etin,Tekindor,Philippines
Ben,Stiller,United States
Brad,Hyland,India
Christien,Anholt,United States
Cosmo,Jarvis,India
Csongor,Szalay,Lebanon
David,Spade,Mexico
Demin,Bichir,Spain
Dominique,Fishback,United States
Eddie,Murphy,United States
Emily,Bader,Turkey
Emma,Thompson,United Arab Emirates
Evan,Todd,United Kingdom
Flavia,Bechara,United Kingdom
Frank,Grillo,United States
Georges,Khabbaz,China
Greta,Gregory,United States
Haluk,Bilginer,Indonesia
Harrison,Chad,Spain
Helen,Mirren,United Kingdom
Ini,DimaOkojie,United States
Ken,Foree,United States
Luka,Kain,United States
Mallika,Sherawat,India
Mark,Wahlberg,United States
Meenakshi,Dixit,Greece
Michela,Luci,United States
Mithun,Chakraborty,Turkey
Nawazuddin,Siddiqui,Canada
Noriko,Shinohara,Hong Kong
Olga,Breeskin,Spain
Paul,Kalkbrenner,India
Riccardo,Scamarcio,Austria
Ryan,Kwanten,United Kingdom
Samuel,West,India
Taissa,Farmiga,United States
Vince,Vaughn,United Kingdom
Will,Smith,United States
Abbey,Lee,India
Abir,Chatterjee,Mexico
Addison,Timlin,Bulgaria
Aditya,Roy,United Kingdom
Aga,Muhlach,India
Akshay,Kumar,United States
Alden,Ehrenreich,South Africa
Alex,Heartman,United States
Amanda,Seyfried,United Kingdom
Andr,Odendaal,United States
Angie,Cepeda,India
Ansel,Elgort,United States
Anuranjan,Premji,Poland
Artiwara,Kongmalai,United States
Atul,Kulkarni,India
Bill,Burr,Spain
Bill,Murray,South Korea
Billy,Graham,Indonesia
Blanche,Gardin,South Africa
Bo,Burnham,India
Brie,Larson,United States
Brooklynn,Prince,United States
Buakaw,Banchamek,United States
Carey,Mulligan,United States
Carlos,Bardem,Brazil
Cassandra,Ciangherotti,India
Chalad,Na,United States
Chapman,To,India
Charles,Malik,United States
Charlize,Theron,United States
Chingo,Bling,Singapore
Chow,Yun,Norway
Christian,De,United States
Darsheel,Safary,United States
Frances,OConnor,Argentina
Huang,Lei,United States
Jacob,Artist,Israel
Jaimi,Paige,Indonesia
James,Marsden,United States
Jandino,Asporaat,Indonesia
Jaspinder,Cheema,India
Jaylen,Barron,India
Jeremy,Ray,India
Jerzy,Radziwiowicz,United Kingdom
Jimmy,Shergill,Italy
Joel,Courtney,Canada
John,Lloyd,United States
John,Sessions,France
Junaid,Akhtar,Canada
Karole,Rocher,United States
Kevin,Hart,United States
Khalifa,Albhri,Egypt
Laura,Flannery,Canada
Mahmood,Bin,United States
Manu,Bennett,Sweden
Maria,Palm,United States
Mark,Addy,United States
Meg,Ryan,United States
Michael,Che,United States
Michael,Keaton,Japan
Missy,Peregrym,Philippines
Paul,Newman,United States
Paul,Reubens,India
Pierce,Brosnan,Ireland
Robert,Agengo,Nigeria
Shefali,Shah,India
Skyler,Gisondo,United States
Stephen,Chow,India
Sudhir,Joshi,Canada
Takumi,Saitoh,United States
Thomas,BrodieSangster,South Africa
Yuki,Kaji,United States
Ahsan,Khan,United States
Ben,Hyland,Germany
Bill,Hader,India
Brenda,Wairimu,United States
Brenton,Thwaites,United States
Connor,Swindells,United States
Daniel,Valdez,Lebanon
Danilo,Mesquita,United States
Darlene,Love,India
David,Morrissey,United States
David,Sampliner,United Kingdom
Demet,Akba,United States
Demet,Akba,United States
Djdj,Apali,India
Dolph,Lundgren,Spain
Eda,Ece,United States
Eddie,Hall,Philippines
Emile,Hirsch,Germany
Emile,Hirsch,Germany
Erin,Fitzgerald,United States
Ethan,Hawke,India
Fan,Bingbing,India
Fernando,Sanjiao,Mexico
Fiona,Dourif,Hong Kong
Geoffrey,Rush,France
George,Clooney,United States
Greg,Kinnear,United Kingdom
Greg,Kinnear,United States
Halle,Berry,United States
Halle,Berry,United States
Helen,Mirren,United Kingdom
Helen,Mirren,United Kingdom
Hong,Bumki,France
Imran,Khan,Turkey
Imran,Rasheed,Egypt
Isabelle,Adjani,Canada
Jacky,Cheung,Canada
Jacqueline,Kim,Philippines
James,Corden,United States
Jamie,Bell,United States
Jason,Patric,United States
Jay,Chou,France
Jeff,Daniels,Nigeria
Jerry,Seinfeld,United States
Jim,Carrey,United States
Jitendra,Joshi,Japan
John,Cleese,South Africa
John,Lloyd,United States
Johnny,Depp,United States
Jos,Mujica,Nigeria
Juan,Daniel,United States
Kelly,Sheridan,Brazil
Kelly,Sheridan,Brazil
Lana,Condor,Uruguay
Lucky,Ali,Turkey
Michael,Rajoli,Germany
Malik,Nejer,United States
Maribel,Verd,Hong Kong
Matthew,Marsh,China
Matthew,Modine,United States
Maurice,LaMarche,United States
Michael,Angarano,Nigeria
Michael,Gross,United States
Mikaela,Blake,Turkey
Miles,Teller,Denmark
Omar,Sharif,India
Parker,Jackson,United States
Patrick,Robinson,United States
Purab,Kohli,United States
Rene,Zellweger,United States
Ringgo,Agus,Turkey
Rinku,Rajguru,Spain
Rishi,Kapoor,India
Vince,Vaughn,United States
Will,Yun,United States
Zaira,Wasim,India
Ana,Layevska,France
Anna,Faris,United States
Bill,Burr,Spain
Daniel,Ewing,China
Daniel,Sosa,Egypt
Dave,Chappelle,India
Deepak,Dobriyal,China
Diaan,Lawrenson,United States
Dries,Van,India
Eliza,Taylor,United States
Enyinna,Nwigwe,United States
Farid,Shawqy,Canada
Francisca,Lozano,United Kingdom
Gbenga,Titiloye,South Africa
Gord,Downie,India
Hairul,Azreen,United States
Harrison,Ford,United States
Idris,Elba,United Kingdom
Kaniehtiio,Horn,Mexico
Kathryn,Bernardo,United States
Kevin,Bacon,United States
Lautaro,Perotti,Canada
Lily,James,India
Madelaine,Petsch,Germany
Marlon,Wayans,France
Matthew,McConaughey,United States
Nesta,Cooper,United States
Nqobile,Khumalo,India
Raghuvir,Yadav,Chile
Randeep,Hooda,India
Rishi,Kapoor,India
Robert,De,United States
Rola,Beksmati,Nigeria
Sachin,Khedekar,United States
Sam,Cooke,Turkey
Sam,Kinison,United States
Sanjay,Narvekar,India
Sarah,Lancaster,India
Seann,William,India
Selva,Rasalingam,France
Seth,Rogen,United States
Shah,Rukh,Taiwan
Shia,LaBeouf,United Kingdom
Slick,Woods,India
Stephen,Fry,United Kingdom
Steve,Harvey,United Kingdom
Sukkyu,Han,United States
Tamara,Smart,United States
Thomas,Jane,United States
Tom,Hanks,United States
Travis,Tope,Nigeria
Vanessa,Hudgens,Argentina
Victoria,Barabas,China
Vincent,Zhao,India
Aaron,Kwok,France
Daniel,Amerman,Canada
Douglas,Booth,Kuwait
Hugh,Bonneville,United States
Julian,Morris,United States
Ken,Jeong,India
Kimberly,Elise,United States
Kirsten,Dunst,Canada
Los,Tigres,United States
Luis,Gerardo,United States
Madison,Lawlor,Australia
Maisie,Benson,United States
Marlee,van,Turkey
Marta,Etura,United States
Montrail,Money,United States
Nahed,El,United States
Purav,Bhandare,United States
Ral,Arvalo,Spain
Rahul,Bose,United States
Rani,Mukerji,United States
Remy,Ishak,United States
Saad,El,United States
Sammo,KamBo,India
Sweety,Pala,United States
Temi,Otedola,India
Tommy,Lee,United States
Victor,Artus,India
Will,Smith,United States
Anne,Curtis,United Arab Emirates
Armistead,Maupin,Romania
Benjamin,Dickey,Argentina
Bill,Hicks,India
Bjarke,Ingels,United States
Bront,Palarae,Spain
Camilla,JoAnn,United States
Chad,Michael,United States
Chant,Adams,India
ChiaHui,Liu,United States
Chris,Klein,France
Clara,Rugaard,India
Dan,Aykroyd,India
David,Spade,Mexico
Demin,Bichir,Spain
Donald,Glover,United States
Eddie,Murphy,United States
Emily,Blunt,United Kingdom
Eva,Swan,Canada
Flavio,Medina,South Africa
Gerald,Anderson,Spain
Guillaume,Laurin,United States
Hannah,Emily,United States
Henry,Cavill,United Kingdom
Iqbaal,Ramadhan,Canada
Juhi,Chawla,United States
Kai,Ko,Kenya
Kandido,Uranga,Japan
Kenjiro,Yamashita,United Kingdom
Lakshmi,Manchu,India
Liu,Kai,India
Marlon,Wayans,France
Matthew,McConaughey,United States
Natalia,Dyer,Taiwan
Ouzhan,Ko,United States
Ramez,Galal,United States
Ramsey,Nouah,France
Ritwika,Pal,Thailand
Sharlto,Copley,India
Shreyas,Talpade,Romania
Sophie,Thatcher,United Kingdom
Sruthi,Hariharan,Egypt
Steve,Coogan,United States
Susanne,Bartsch,Turkey
TJ,Miller,United States
Tatsuhisa,Suzuki,Sweden
Tiffany,Tenille,Japan
Adam,Sandler,United States
Amitabh,Bachchan,India
Chris,Rock,United States
Damandeep,Singh,France
Denzel,Washington,United States
Fred,Tatasciore,United States
Hugh,Grant,United States
Jake,Gyllenhaal,United States
Janhvi,Kapoor,United States
JeanBaptiste,Marcenac,Argentina
Jesse,Eisenberg,United Kingdom
Joey,Camen,United States
John,Travolta,United States
Julia,Stiles,United States
Kay,Kay,Indonesia
Kay,Kay,Indonesia
Ken,Olin,United States
Kishore,Kadam,Brazil
Kristen,Stewart,United States
Marc,Maron,South Africa
Mark,Duplass,France
Mark,Wahlberg,United States
Matilda,Lambert,United States
Maudy,Koesnaedi,United States
Mehmet,Gnsr,United States
Nadia,Ramlee,United States
Nadia,Tueni,United States
Natalia,Valdebenito,Australia
Nick,Whitaker,United Kingdom
Pierfrancesco,Favino,United States
Rodrigo,de,United States
Sam,Kinison,United States
Sharon,Stone,Canada
Simone,Baker,India
Stephen,Chow,India
Subba,Rao,India
Takanori,Iwata,United States
Thiago,Ventura,Philippines
Woody,Harrelson,United States
Ajay,Devgn,India
Amy,Poehler,Egypt
Bimbo,Akintola,United Kingdom
Bisola,Aiyeola,Brazil
Boman,Irani,India
Boyd,Holbrook,South Africa
Bunga,Citra,Philippines
Cameron,Palatas,United States
Carlos,Chan,India
Cas,Jansen,India
Charlie,Luxton,India
Charlize,Theron,United States
Chris,Attoh,India
Chris,Evans,United States
Daisuke,Ono,Nigeria
Dane,Cook,India
Jack,Whitehall,United Kingdom
Jack,Whitehall,United Kingdom
Jene,LaMarque,United States
Josh,Peck,United Kingdom
Kat,Graham,United States
Mark,Ruffalo,United States
Martin,L,Brazil
Mohd,Syafie,India
Nick,Swardson,United States
Pavan,Malhotra,Indonesia
Rajat,Barmecha,India
Rez,Kempton,United States
Sarah,Troyer,Nigeria
Theeradej,Wongpuapan,Canada
Wyatt,Cenac,United States
Ylmaz,Erdoan,United States
Zac,Efron,United States
Abbie,Cornish,Turkey
Adrin,Uribe,United States
Ahmed,Helmy,United States
Akshay,Kumar,United States
Alex,Heartman,United States
Andrew,M,India
Anson,Mount,United States
Arya,Babbar,India
Belim,Bilgin,United States
Benot,Magimel,France
Bill,Burr,Spain
Chyler,Leigh,Nigeria
Danny,Trejo,Germany
James,Brolin,United States
Jared,Padalecki,United States
Jean,Dujardin,India
Jessica,De,United States
John,Abraham,Turkey
Jonathan,Park,India
Juan,Sebastin,United Kingdom
Kenan,Thompson,France
KimberlySue,Murray,India
Kimi,Verma,India
Mximo,Hollander,Canada
Michael,Bacall,Nigeria
Mike,Judge,United States
Naomi,Watts,United Kingdom
Naseeruddin,Shah,India
Paresh,Rawal,Chile
Ricardo,OFarrill,Romania
Richard,Wershe,Netherlands
Sam,Rockwell,Germany
Sharon,Cuneta,United States
Sienna,Miller,United States
Stacy,Haiduk,United Kingdom
Steve,Oropeza,United States
Takahiro,Sakurai,United Kingdom
Theo,James,United Kingdom
Wendell,Pierce,United States
Zygmunt,Hbner,United States
Anna,Kendrick,United States
Billy,Bob,United States
Bob,Ross,United States
Bruce,Willis,United States
Carla,Gugino,Turkey
Charles,Grodin,India
Chloe,East,United States
Daniel,Wu,Singapore
Dani,Rovira,United States
Daphne,Zuniga,United States
Darren,Wang,United States
David,Spade,Mexico
Demetri,Martin,India
Dolph,Lundgren,Spain
Donnie,Yen,India
Eddie,Murphy,United States
Emilian,Oprea,United States
Evan,Peters,China
Fionn,Whitehead,United States
Gading,Marten,France
George,Clooney,United States
Gregorio,Duvivier,Germany
Halle,Berry,United States
Helen,Mirren,United Kingdom
Ingrid,Guimares,Philippines
Marlon,Wayans,France
Mick,Wingert,United States
Mu,Ramaswamy,United States
Nadia,Ramlee,United States
Nagesh,Bhonsle,India
Neal,Brennan,India
Rajpal,Yadav,Mexico
Rita,Dominic,United Kingdom
Russell,Tovey,Canada
Sam,Heughan,United States
Samuel,L,Indonesia
Samuel,West,India
Samuel,West,India
Sarah,Bolger,India
Sedky,Sakhr,Mexico
Shah,Rukh,Taiwan
Tommy,Lee,United States
Troy,Garity,Indonesia
Vatsal,Dubey,India
Ahmed,Helmy,United States
Bill,Nye,Nigeria
Blanche,Gardin,South Africa
Bruce,Campbell,United States
Carey,Mulligan,United States
Charles,Grodin,India
Charlize,Theron,United States
Chi,Tai,United States
Christoph,Sanders,India
Cristine,Prosperi,India
David,Elliot,South Africa
Deep,Sidhu,United States
Diljit,Dosanjh,India
Dylan,Sprouse,Colombia
Ema,Horvath,United States
Eric,Meyers,United States
Felix,Lobrecht,United States
Genevieve,Nnaji,United States
Graham,Chapman,India
Halil,Sezai,Argentina
Hector,Elizondo,India
Imanol,Arias,India
Isabela,Moner,Colombia
James,Marsden,United States
Kathryn,Bernardo,United States
Leela,Naidu,Spain
Margaret,Qualley,Indonesia
Marlon,Wayans,France
Nick,Broomfield,South Korea
Odunlade,Adekola,France
Ron,ONeal,United States
Salman,Khan,India
Sam,Worthington,Philippines
Sarah,Jessica,India
Saurav,Chakraborty,Canada
Shabana,Azmi,South Korea
Tim,Allen,United Kingdom
Tony,Goldwyn,United States
Uche,Jumbo,Japan
Willem,Dafoe,United States
Yogi,Babu,United States
Christopher,Showerman,India
Damandeep,Singh,France
Dan,Aaron,Uruguay
Hugo,Silva,Netherlands
Irrfan,Khan,Turkey
Jeni,Ross,Egypt
Josh,Hamilton,Germany
Josh,Lucas,India
Kevin,Sorbo,India
Kozo,Morishita,United Kingdom
Matt,Damon,United States
Nelly,Karim,United States
Reza,Rahadian,Brazil
Rishi,Gambhir,United Kingdom
Russell,Crowe,United States
Said,Saleh,United States
Sam,Dede,Brazil
Samuel,West,India
Sanjeev,Kumar,Turkey
Saurav,Chakraborty,Canada
Sean,Penn,United States
Shabana,Azmi,South Korea
Shah,Rukh,Taiwan
Tig,Notaro,United States
Tom,Hanks,United States
Toni,Collette,United States
Trevante,Rhodes,United States
Tyrese,Gibson,United States
Vanessa,Hudgens,Argentina
Vicky,Kaushal,South Africa
Yvonne,Nelson,Hungary
Bette,Midler,India
Brigitte,Kali,United States
Debby,Ryan,India
Dennis,Chan,United Kingdom
Donnie,Yen,India
Eduardo,Noriega,United States
Emma,Roberts,Italy
Ewan,McGregor,Scotland
Faizon,Love,United States
Franois,Cluzet,United Kingdom
Gillian,Jacobs,United States
Gina,Yashere,Nigeria
Guy,Martin,India
Harbhajan,Mann,Australia
Hikaru,Utada,France
Hrithik,Roshan,United States
Hugh,Grant,United States
Iqbaal,Ramadhan,Canada
Iva,Pazderkov,United States
Kari,Alison,India
Lisa,Teige,India
Lucas,Lauriente,United States
Mark,Ruffalo,United States
Miriam,Chin,United States
Paul,Dano,United States
Rajeev,Khandelwal,United Kingdom
Terence,Stamp,Egypt
Will,Forte,United States
Zo,Insung,France
Abbi,Jacobson,Nigeria
Adriana,Paz,Indonesia
AiAi,de,United States
Akshay,Kumar,United States
Alex,Russell,United States
Andrew,M,India
Antoine,Bizet,India
Asher,Bishop,Hong Kong
Cecilia,Roth,India
Chrishell,Hartley,Spain
Liam,Neeson,United States
Marlon,Brando,Germany
Nate,Bargatze,Egypt
Orlando,Bloom,United States
Qiu,Yuen,United Kingdom
Ranvir,Shorey,Singapore
Saara,Chaudry,Mexico
Seun,Ajayi,United States
Taapsee,Pannu,United States
Vince,Carter,Germany
Vinod,Khanna,United States
Will,Ferrell,United States
Benson,Jack,United States
Chadwick,Boseman,United States
Christian,Bale,United States
Christina,Ricci,France
Craig,Sheffer,United States
Davide,Carrera,Germany
Deep,Joshi,United States
Dilip,Kumar,Philippines
Dylan,McDermott,United States
Elyse,Maloway,Taiwan
Eric,Bauza,United States
Felipe,Esparza,India
Funke,Akindele,Canada
Genevieve,Nnaji,United States
Graham,Chapman,India
Haley,Lu,India
Hayley,Lovitt,Turkey
Iliza,Shlesinger,Nigeria
Joseph,Vijay,Mexico
Joyraj,Bhattacharya,Argentina
Liza,Soberano,France
Maika,Monroe,South Korea
Mauricio,Ochmann,United States
Prashantt,Guptha,India
Ricardo,Darn,United States
Sachin,Khedekar,United States
Tahar,Rahim,India
Taiga,Nakano,United States
Cate,Blanchett,United Kingdom
Claire,Forlani,India
Daniel,J,Taiwan
Jhannes,Haukur,United States
Justin,Fashanu,Norway
Kristen,Stewart,United States
Mahmood,ElLaithi,Mexico
Mila,Kunis,Colombia
Nandita,Das,United Kingdom
Naseeruddin,Shah,India
Neal,McDonough,Philippines
Parineeti,Chopra,Syria
Ricky,Gervais,United Kingdom
Riya,Sen,China
Vijay,Sethupathi,Egypt
Ylmaz,Erdoan,United States
Aishwarya,Rajesh,United States
Anna,Kendrick,United States
Dakore,Akande,South Korea
Danny,Aiello,United States
Isabella,Acres,United States
Jackie,Shroff,India
Jaden,Michael,United States
Jamie,Foxx,United States
Jaylen,Barron,India
Jerry,Seinfeld,United States
Joe,Anderson,United States
John,Roohinian,Thailand
Kurt,Cobain,Italy
Leone,Frisa,United States
Magnus,Carlsen,Poland
Molly,Bernard,Belgium
Nathalie,Baye,India
Nick,Cannon,United States
Osamah,Sami,United States
Panji,Zoni,United States
Piotr,Cyrwus,United States
Riteish,Deshmukh,India
Cristela,Alonzo,Netherlands
Daniel,Faraldo,United Kingdom
Douglas,Smith,France
Kate,Higgins,Australia
Lynne,Koplitz,United States
Malcolm,McDowell,Turkey
Naseeruddin,Shah,India
Nicholas,Corda,Philippines
Niklas,Bruhn,United States
Ram,Gopal,United States
Rana,Ranbir,United States
Virginia,Madsen,United Kingdom
William,Powell,United States
Yvonne,Strahovski,Italy
Adam,Rayner,Turkey
Adam,Sandler,United States
Ahmad,Thaher,Mexico
Alessandro,Borghi,Nigeria
Amber,Frank,Japan
Ammy,Virk,United States
Anika,Noni,Belgium
Anya,TaylorJoy,United Kingdom
Audrey,Hepburn,United States
Big,Sean,Malaysia
Bren,Brown,United Arab Emirates
David,Strathairn,India
Debra,Winger,United States
Deng,Chao,United Kingdom
Don,Cheadle,India
Eddie,Murphy,United States
Emir,Mahira,India
Evelin,Hagoel,United States
Flynn,Curry,United States
Fumi,Nikaido,Kuwait
Ghadah,Abdulrazeq,United States
Guillermo,del,Egypt
Hannah,Gadsby,Australia
Henry,Fonda,Lebanon
Iqbaal,Ramadhan,Canada
James,Franco,United States
Jason,Statham,United States
Jeff,Dunham,United Kingdom
Jim,Henson,United States
John,Lloyd,United States
Josephine,Langford,Hong Kong
Kevin,James,United States
Michael,Douglas,Mexico
Michael,Fassbender,Ireland
Michael,Jai,France
Mike,Epps,Egypt
Park,Narae,United States
Sachin,Khedekar,United States
Sharlto,Copley,India
Shree,Cooks,India
Sonal,Kaushal,Canada
Steve,Carell,India
Surya,Saputra,France
Taron,Egerton,United Kingdom
Tienchi,Cheng,India
Yassi,Pressman,Canada
Abigail,Spencer,United States
Aftab,Shivdasani,Ireland
Alden,Ehrenreich,India
Amanda,Schull,United States
Amy,Tan,Australia
Angelina,Jolie,Mexico
Anton,Yelchin,India
Ata,Demirer,United States
Edwin,Goh,United Kingdom
Gang,Dongwon,France
Julian,Sands,Italy
Jungmin,Hwang,United States
Kurt,Russell,United States
Maia,Morgenstern,New Zealand
Mike,Birbiglia,United States
Robert,De,United States
Taylor,Tomlinson,United States
Abhay,Deol,United States
Adrien,Brody,United Kingdom
Alain,Moussi,France
Alicia,Vikander,United States
Amitabh,Bachchan,India
Andy,Samberg,India
Antonio,Banderas,Spain
Ashleigh,Sumner,Kuwait
Christian,Bale,United States
Chris,Tucker,Denmark
DL,Hughley,United States
Katie,Holmes,Hong Kong
Luis,Tosar,India
Philip,Kwok,United States
Richard,Pryor,Germany
Ylmaz,Erdoan,United States
Aaron,TaylorJohnson,United States
Adipati,Dolken,United States
Ahmed,Rizk,South Korea
Akshay,Kumar,United States
Alex,Heartman,United States
Amol,Palekar,India
Anders,Danielsen,Nigeria
Anne,Watanabe,Hungary
Arnold,Schwarzenegger,Germany
Grard,Depardieu,United States
Ludovica,Francesconi,United States
Mandy,Grace,Japan
Meng,Lo,Brazil
Priyanka,Chopra,United States
Reza,Rahadian,Brazil
Richard,Gere,United States
Soumitra,Chatterjee,India
YaYa,Gosselin,Turkey
Belim,Bilgin,India
Collin,Chou,Canada
Leonardo,Sbaraglia,Nigeria
Lori,Singer,India
Marc,Maron,South Africa
Martin,Matte,Japan
Ralphie,May,Spain
Sharman,Joshi,United States
Sidharth,Malhotra,Indonesia
Sruthi,Hariharan,Egypt
Steven,Strait,United States
Taiwo,Obileye,Singapore
Thelonious,Monk,United States
AnnaSophia,Robb,United States
Cassandra,Ciangherotti,India
Colin,Farrell,Ireland
Lavinia,Wilson,United States
Lewis,Black,United Kingdom
Martin,Starr,Turkey
Patrika,Darbo,India
Vicky,Kaushal,South Africa
Werner,Herzog,Thailand
Yami,Gautam,Spain
Aaron,Keogh,Canada
Binnur,Kaya,United States
Bovi,Ugboma,India
Byunghun,Lee,Canada
Carson,Meyer,United States
Charlie,Shotwell,Mozambique
Chris,DElia,United States
Chris,Evans,United States
Jack,Black,United States
Jack,Black,United States
James,Caan,Canada
Jason,James,United States
Jeannie,Elias,United States
Jessica,Williams,United Kingdom
John,C,United States
Jordana,Beatty,Spain
Kett,Thantup,India
Lee,Dixon,South Korea
Lily,ORegan,United States
Megan,Richie,France
Michela,Luci,United States
Shia,LaBeouf,United Kingdom
Slavoj,Zizek,United States
Stephen,Fry,United Kingdom
Suki,Waterhouse,Switzerland
Sylvester,Stallone,United States
Talat,Bulut,United States
Thomas,Jane,United States
Wagner,Moura,United States
Brave,Williams,United Kingdom
Brian,Regan,United States
Kelly,Sheridan,Brazil
Kevin,Costner,United States
Kofi,Siriboe,United States
OC,Ukeje,Japan
Amitabh,Bachchan,India
Franco,Escamilla,Japan
Freida,Pinto,United States
Jackie,Chan,China
Katrina,Kaif,Spain
Lily,Tomlin,United States
Nushrat,Bharucha,South Africa
Rahul,Bose,Nigeria
Ruth,Wilson,United States
Zach,McGowan,United Kingdom
Ayushmann,Khurrana,United States
Lannick,Gautry,Nigeria
Phuong,Mai,United Kingdom
Suvinder,Vicky,United States
Aaron,Eckhart,India
Jacob,Latimore,United States
James,Purefoy,Sweden
Javier,Gutirrez,Spain
Jeremy,Scott,India
Jim,Sturgess,United States
Johnny,Depp,United States
Kevin,Hart,United States
Steve,Martin,United States
Aidan,Quinn,Ireland
Beattie,Edmondson,Turkey
Clayne,Crawford,United States
Cole,Hauser,United States
Craig,Sechler,Canada
Cut,Mini,India
Damandeep,Singh,France
Paresh,Rawal,Chile
Sam,Gittins,Turkey
Sarah,Adler,United States
Sedef,Avc,Canada
Shah,Rukh,Taiwan
Tommy,Avallone,United States
Troy,Baker,Argentina
Vanessa,Kirby,China
Will,Smith,United States
Abhay,Deol,United States
Adrian,Titieni,United States
Akshay,Kumar,United States
Alia,Shawkat,Mexico
Andrew,Wilson,United States
Antonia,Thomas,United States
Ashleigh,Ball,United States
Debi,Derryberry,United States
Dennis,Quaid,Spain
Donnie,Yen,India
Edward,Asner,United States
Emma,Roberts,Italy
Ezgi,Mola,United States
Francesco,Carril,United States
Gina,Carano,United States
Guy,Pearce,Australia
Harish,Verma,India
Harrdy,Sandhu,United States
Hilary,Swank,United States
Hugh,Bonneville,India
Irene,Wan,India
Jake,Gyllenhaal,United States
Jane,Fonda,United States
Jazzy,B,Spain
Jesse,Eisenberg,United Kingdom
Joe,Mande,Turkey
John,Travolta,United States
Kamal,Hassan,India
Krzysztof,Stroiski,Mexico
Lexi,Giovagnoli,Hong Kong
Luciana,Aymar,Philippines
Mfit,Can,Germany
Mike,Epps,India
Ritwick,Chakraborty,United States
Salman,Khan,United States
Sandra,Escacena,Spain
Sarah,Butler,Pakistan
Scott,Adkins,United States
Shahid,Kapoor,United Kingdom
Todd,Standing,India
Tony,Schiena,India
Usain,Bolt,United States
Ben,Ferencz,Germany
Jack,CutmoreScott,United States
Kevin,Hart,United States
Oscar,Martnez,United Kingdom
Robert,De,United States
Yidd,Eslava,India
Zahiril,Adzim,France
AR,Rahman,United Kingdom
brahim,Bykak,United States
etin,Tekindor,United States
lvaro,Cervantes,United States
lvaro,Ogalla,United States
Aamir,Khan,Nigeria
Aamir,Khan,United States
Aaron,Eckhart,United States
Aaron,Keogh,Argentina
Aaron,Kwok,Turkey
Aaron,Paul,Turkey
Aaron,Pedersen,Turkey
Aaron,TaylorJohnson,United States
Abbey,Lee,United Kingdom
Abbie,Cornish,Germany
Abbi,Jacobson,France
Abdulmohsen,AlQaffas,United States
Abhay,Deol,United States
Abhay,Deol,Canada
Abhay,Mahajan,Canada
Abhishek,Bachchan,Canada
Abhishek,Bachchan,United States
Abigail,Spencer,India
Abir,Chatterjee,Spain
Adama,Niane,South Korea
Adam,Rayner,United States
Adam,Sandler,United States
Adam,Sandler,Australia
Adam,Sandler,Singapore
Adam,Sandler,Japan
Adam,Sandler,United Kingdom
Adam,Sandler,South Korea
Addison,Timlin,South Korea
Adeel,Hussain,India
Adesua,Etomi,India
Adhisty,Zara,United States
Adil,Hussain,United States
Adil,Hussain,United Kingdom
Adipati,Dolken,United Kingdom
Adipati,Dolken,United States
Aditya,Roy,United States
Adrin,Uribe,United States
Adriana,Paz,Canada
Adrian,Pasdar,Netherlands
Adrian,Titieni,United States
Adrien,Brody,Japan
Adrien,Brody,China
Aenne,Schwarz,Colombia
Afonso,Padilha,Thailand
Aftab,Shivdasani,Canada
Aftab,Shivdasani,Spain
Aga,Muhlach,Australia
Agustn,Aristarn,Denmark
Ahmad,Thaher,India
Ahmed,Eid,Indonesia
Ahmed,Eid,United States
Ahmed,El,United States
Ahmed,Ezz,Colombia
Ahmed,Hassan,United States
Ahmed,Helmy,United States
Ahmed,Helmy,United States
Ahmed,Helmy,United Kingdom
Ahmed,Rizk,Australia
Ahsan,Khan,South Korea
AiAi,de,United States
AiAi,de,United States
Aidan,Quinn,United States
Aishwarya,Rajesh,India
Aishwarya,Rajesh,United States
Ajay,Devgn,Spain
Ajay,Devgn,Australia
Ajay,Devgn,United States
Ajay,Devgn,Egypt
Ajay,Devgn,United States
Akin,Lewis,China
Aki,Toyosaki,Poland
Akshay,Kumar,United States
Akshay,Kumar,United States
Akshay,Kumar,United States
Akshay,Kumar,Japan
Akshay,Kumar,Egypt
Akshay,Kumar,Belgium
Alain,Hernndez,France
Alain,Moussi,Argentina
Alain,Moussi,Spain
Alain,Saadeh,Italy
Alban,Lenoir,United States
Alden,Ehrenreich,South Korea
Alden,Ehrenreich,South Korea
Alejandro,Pea,United States
Alessandro,Borghi,South Korea
Alexander,Skarsgrd,Spain
Alexandra,Daddario,Australia
Alexandre,Rodrigues,United States
Alexandria,OcasioCortez,United States
Alexa,PenaVega,Australia
Alex,Frnka,Japan
Alex,Heartman,Mexico
Alex,Heartman,United States
Alex,Heartman,Indonesia
Alex,Heartman,United States
Alex,Russell,South Korea
Alfre,Woodard,United States
Ali,Al,South Korea
Alia,Shawkat,Australia
Alice,Eve,United States
Alicia,Vikander,United States
Alison,Brie,Netherlands
Ali,Suliman,United States
Alycia,DebnamCarey,United States
Amanda,Schull,United States
Amanda,Seyfried,United States
Amaury,Nolasco,United States
Amber,Frank,United States
America,Young,France
Amina,Khalil,South Korea
Amitabh,Bachchan,United Kingdom
Amitabh,Bachchan,United States
Amitabh,Bachchan,United States
Amitabh,Bachchan,United States
Amitabh,Bachchan,Mexico
Amitabh,Bachchan,South Korea
Ammy,Virk,United States
Amol,Palekar,Thailand
Amr,AbdelGeleel,United States
Amrinder,Gill,United States
Amruta,Subhash,United States
Amruta,Subhash,Mexico
Amy,Poehler,Japan
Amy,Tan,United States
Amy,Winehouse,South Korea
Ana,Layevska,Thailand
Anamaya,Verma,Japan
Anders,Danielsen,United States
Anders,Danielsen,United Kingdom
Andr,Odendaal,United Kingdom
Andrew,M,Spain
Andrew,M,Canada
Andrew,Steel,United Kingdom
Andrew,Wilson,Japan
Andy,Lau,Belgium
Andy,Samberg,Ireland
Angela,Bassett,United Kingdom
Angelica,Panganiban,United States
Angelica,Panganiban,China
Angelina,Jolie,United States
Angel,Locsin,United States
Angie,Cepeda,United States
Aniello,Arena,Japan
Anika,Noni,United States
Anil,Kapoor,United States
Anil,Kapoor,Scotland
Anil,Kapoor,Scotland
Anisa,Rahma,United Kingdom
Anjelah,JohnsonReyes,South Korea
Ankush,Chaudhari,United Kingdom
Anmol,Limbu,Canada
Anna,Faris,South Korea
Anna,Kendrick,Colombia
Anna,Kendrick,Taiwan
AnnaSophia,Robb,United States
Anne,Curtis,Germany
Anne,Hathaway,United States
Anne,Hathaway,United States
Anne,Watanabe,South Africa
Anoop,Menon,South Korea
Ansel,Elgort,United States
Anson,Mount,United States
Antoine,Bizet,United Kingdom
Antonella,Costa,South Korea
Antonia,Thomas,China
Antonio,Banderas,Turkey
Antonio,Banderas,Turkey
Antonio,Banderas,Turkey
Antonio,de,Turkey
Anton,Yelchin,Canada
Anuranjan,Premji,China
Anwulika,Alphonsus,United States
Anya,TaylorJoy,Mexico
Ariana,Grande,Mexico
Ari,Irham,Spain
Ari,Irham,Finland
Arjun,Kapoor,United States
Armeena,Rana,United States
Armistead,Maupin,United States
Arnali,Das,United States
Arnold,Schwarzenegger,United Kingdom
Arnold,Schwarzenegger,Japan
Artiwara,Kongmalai,Japan
Arya,Babbar,Italy
Ashanth,K,France
Asher,Bishop,United States
Ashleigh,Ball,India
Ashleigh,Ball,Taiwan
Ashleigh,Ball,United States
Ashleigh,Sumner,United Kingdom
Ashley,Pereira,United States
Asser,Yassin,Japan
Ata,Demirer,Japan
Ata,Demirer,Uruguay
Atul,Kulkarni,United States
Aubrey,Peeples,Mexico
Audrey,Hepburn,United States
Axle,McCoy,United States
Aya,Erturan,United States
Ayo,Makun,Canada
Ayo,Makun,United Kingdom
Ayushmann,Khurrana,United States
Ayushmann,Khurrana,Taiwan
Aziz,Ansari,China
Baaj,Adebule,Taiwan
Baraa,Alem,Spain
Barun,Sobti,United Kingdom
Bea,Alonzo,United States
Bea,Santos,United States
Beattie,Edmondson,United States
Belim,Bilgin,United States
Belim,Bilgin,Canada
Beln,Rueda,India
Beln,Soto,United States
Bella,Thorne,United States
Benedict,Cumberbatch,United States
Ben,Ferencz,United States
Ben,Freeman,Finland
Ben,Hyland,South Korea
Benjamin,Dickey,South Korea
Benot,Magimel,Spain
Benot,Magimel,United States
Ben,Schwartz,United States
Benson,Jack,United States
Ben,Stiller,United States
Ben,Stiller,South Korea
Ben,Stiller,United States
Bernat,Quintana,United States
Bethany,Hamilton,Taiwan
Bette,Midler,United States
Betty,White,Nigeria
Beverly,Naya,United States
Bhargavi,Chirmuley,Sweden
Big,Sean,India
Bill,Burr,India
Bill,Burr,United States
Bill,Hader,United States
Bill,Hicks,United States
Bill,Hicks,United States
Bill,Hicks,United States
Billie,Joe,Taiwan
Bill,Murray,United States
Bill,Nye,United States
Billy,Bob,Taiwan
Billy,Graham,United States
Bimbo,Akintola,Indonesia
Bing,Crosby,United States
Binnur,Kaya,Japan
Bisola,Aiyeola,United States
Bjarke,Ingels,United States
Bjarke,Ingels,India
Black,Deniro,United States
Blanche,Gardin,India
Blanche,Gardin,India
Bob,Ross,India
Bo,Burnham,India
Boman,Irani,India
Boman,Irani,Japan
Bovi,Ugboma,United Kingdom
Boyd,Holbrook,Canada
Brad,Hyland,India
Braeden,Lemasters,India
Brandon,Routh,India
Brave,Williams,India
Brely,Evans,Mexico
Bren,Brown,Italy
Brenda,Wairimu,South Korea
Brenton,Thwaites,United States
Brenton,Thwaites,United Kingdom
Brian,Austin,United States
Brian,Regan,United Kingdom
Brie,Larson,United States
Brigitte,Kali,Japan
Brittany,Snow,United States
Bront,Palarae,United Kingdom
Bronwen,Mantel,Japan
Brooklynn,Prince,United Kingdom
Bruce,Campbell,United States
Bruce,Willis,United States
Buakaw,Banchamek,United States
Bunga,Citra,China
Burt,Reynolds,United States
Byunghun,Lee,Colombia
Cameron,Diaz,United States
Cameron,Palatas,Australia
Camila,Mendes,South Korea
Camilla,JoAnn,Canada
Carey,Mulligan,United States
Carey,Mulligan,United States
Carey,Mulligan,Japan
Carla,Gugino,United Kingdom
Carlos,Bardem,United States
Carlos,Chan,United States
Carmen,Electra,United States
Carson,Meyer,United Kingdom
Cas,Jansen,United Kingdom
Casper,Van,United Kingdom
Cassandra,Ciangherotti,Japan
Cassandra,Ciangherotti,United States
Cate,Blanchett,Ireland
Cate,Blanchett,United States
Catherine,Hicks,United Kingdom
Cecilia,Roth,United Kingdom
Chad,Michael,Saudi Arabia
Chadwick,Boseman,Saudi Arabia
Chadwick,Boseman,Kuwait
Chalad,Na,United States
Chang,Tinghu,United States
Chant,Adams,United States
Chantavit,Dhanasevi,Norway
Chapman,To,United States
Charles,Grodin,United States
Charles,Malik,Turkey
Charlie,Luxton,Japan
Charlie,Sheen,Japan
Charlie,Shotwell,Argentina
Charlize,Theron,United States
Charlize,Theron,United States
Charlize,Theron,United States
Charlotte,Gainsbourg,United States
Charlotte,Le,United States
Charlotte,Vega,United States
ChiaHui,Liu,South Korea
Chika,Ike,South Korea
Chingo,Bling,United States
Chi,Tai,United States
Chloe,East,United States
Chow,Yun,United States
Chris,Attoh,United Kingdom
Chris,Attoh,United Kingdom
Chris,DElia,India
Chris,Evans,India
Chris,Evans,France
Chris,Farley,Ireland
Chrishell,Hartley,United Kingdom
Chris,Hemsworth,United Kingdom
Chris,Klein,Czech Republic
Chris,Pine,United States
Chris,Rock,United States
Chris,Rock,United States
Christian,Bale,Thailand
Christian,Bale,Spain
Christian,Bale,France
Christian,De,United States
Christien,Anholt,Japan
Christina,Ricci,Hong Kong
Christina,Ricci,Egypt
Christopher,Abbott,United States
Christopher,Masterson,Canada
Christopher,Showerman,Brazil
Christoph,Sanders,United States
Chris,Tucker,France
Chutimon,Chuengcharoensukying,United States
Chyler,Leigh,India
Claire,Danes,Colombia
Claire,Forlani,Mexico
Clara,Rugaard,Spain
Clayne,Crawford,United States
Clint,Eastwood,United States
Clive,Owen,United States
Cole,Hauser,Nigeria
Colin,Farrell,South Korea
Colin,Firth,United States
Colin,Quinn,United Kingdom
Collin,Chou,United States
Connor,Swindells,United States
Cornelia,Grschel,Australia
Cosmo,Jarvis,France
Craig,Sechler,France
Craig,Sechler,United States
Craig,Sheffer,Turkey
Cristela,Alonzo,Japan
Cristine,Prosperi,United States
Csongor,Szalay,United States
Cut,Mini,United Kingdom
Cynthia,Dankwa,Australia
Cynthia,Kirchner,India
DL,Hughley,South Korea
Daisuke,Ono,United States
Dakore,Akande,United States
Dale,Elliott,United States
Damandeep,Singh,United States
Damandeep,Singh,United States
Dan,Aykroyd,United States
Dane,Cook,Australia
Daniel,Amerman,Australia
Daniela,Ramrez,Australia
Daniel,Craig,Canada
Daniel,Ewing,United States
Daniel,Faraldo,China
Daniel,Gimnez,United States
Daniel,J,United States
Daniel,Sosa,South Africa
Daniel,Valdez,India
Daniel,Wu,United States
Danilo,Mesquita,United States
Dani,Rovira,United States
Danna,Paola,Turkey
Danny,Aiello,Argentina
Danny,Glover,Argentina
Danny,Trejo,United States
Danny,Trejo,United States
Daphne,Zuniga,France
Darlene,Love,United States
Darren,Wang,United States
Darsheel,Safary,United States
Daryle,Lamont,United States
Daryl,Sabara,Japan
Dave,Chappelle,Japan
Dave,Johns,Israel
David,Duchovny,France
Davide,Carrera,United States
David,Elliot,United States
David,Harbour,Japan
David,Morrissey,United States
David,Morrissey,United Kingdom
David,Sampliner,Spain
David,Spade,United States
David,Spade,United Kingdom
David,Strathairn,United States
Dawnisha,Halfkenny,United States
Debby,Ryan,Canada
Debi,Derryberry,Canada
Debi,Derryberry,Canada
Debra,Winger,India
Debs,Howard,United States
Dee,Bradley,United States
Deepak,Dobriyal,United States
Deepak,Dobriyal,France
Deepak,Sampat,United States
Deep,Joshi,United States
Deep,Sidhu,South Korea
Deepti,Naval,United States
Della,Dartyan,United States
Demet,Akba,United States
Demet,Akba,United States
Demetri,Martin,South Korea
Demin,Bichir,United States
Demin,Bichir,India
Deng,Chao,United States
Denis,Leary,United States
Dennis,Chan,India
Dennis,Quaid,United States
Denzel,Washington,United Kingdom
Denzel,Washington,United Kingdom
Dharmajan,Bolgatty,United States
Dhruva,Padmakumar,United States
Diaan,Lawrenson,Israel
Dian,Sastrowardoyo,Canada
Dick,Van,Australia
Dilip,Kumar,United Kingdom
Diljit,Dosanjh,United States
Diljit,Dosanjh,United Kingdom
Dirk,Bogarde,United Kingdom
Djdj,Apali,United Kingdom
Dolph,Lundgren,United Kingdom
Dolph,Lundgren,United Kingdom
Dominique,Fishback,United Kingdom
Donald,Glover,United Kingdom
Donald,Sutherland,Turkey
Don,Cheadle,Turkey
Donghwi,Lee,India
Donnie,Yen,India
Donnie,Yen,United States
Donnie,Yen,United States
Donnie,Yen,India
Douglas,Booth,India
Douglas,Smith,India
Dougray,Scott,United States
Drew,Sidora,Australia
Dries,Van,United Kingdom
Dulquer,Salmaan,United States
Dulquer,Salmaan,United Kingdom
Dylan,McDermott,South Korea
Dylan,Sprouse,United States
Dylan,Walsh,Germany
Eamon,Farren,Egypt
Eda,Ece,United Kingdom
Eddie,Hall,Thailand
Eddie,Murphy,South Korea
Eddie,Murphy,United States
Eddie,Murphy,Colombia
Eddie,Murphy,United Kingdom
Eddie,Redmayne,Spain
Eduardo,Noriega,Nigeria
Edward,Asner,Nigeria
Edward,Chen,South Korea
Edward,Kagutuzi,India
Edward,Norton,France
Edward,Norton,United States
Edwin,Goh,United States
Eileen,Atkins,United States
Eileen,Yez,United States
Elijah,Wood,United States
Elizabeth,Bogush,Japan
Elizabeth,Taylor,Brazil
Eliza,Taylor,Germany
Elle,Fanning,Brazil
El,Negro,United States
Elsa,Dorfman,South Korea
Elyse,Maloway,India
Ema,Horvath,United States
Emayatzy,Corinealdi,China
Emile,Hirsch,United States
Emile,Hirsch,United States
Emile,Hirsch,United States
Emilian,Oprea,Taiwan
Emily,Bader,United States
Emily,Blunt,United States
Emir,Mahira,United States
Emma,Bell,China
Emma,Roberts,United States
Emma,Roberts,United States
Emma,Stone,Israel
Emma,Thompson,United States
Emma,Thompson,United Kingdom
Emma,Watson,Australia
Emraan,Hashmi,Japan
Enyinna,Nwigwe,Japan
Erica,Wessels,United States
Eric,Balfour,Japan
Eric,Bauza,Hong Kong
Eric,Meyers,Taiwan
Eric,Roberts,United States
Erika,Harlacher,United States
Erin,Fitzgerald,Australia
Ethan,Hawke,United States
Evan,Peters,South Korea
Evan,Todd,India
Eva,Swan,United States
Evelin,Hagoel,United Kingdom
Ewan,McGregor,South Korea
Ewan,McGregor,South Korea
Ezgi,Mola,Thailand
Fabrizio,Copano,United States
Fahad,Albutairi,United States
Faisal,Al,Japan
Faizon,Love,United States
Fan,Bingbing,China
Fardeen,Khan,China
Fardeen,Khan,Indonesia
Farid,Shawqy,United States
Farooq,Shaikh,Taiwan
Fedi,Nuril,United States
Felipe,Esparza,Spain
Felix,Lobrecht,France
Felix,Starck,South Korea
Feng,Ku,France
Fernando,Sanjiao,India
Fiona,Dourif,United States
Fionn,Whitehead,United States
Flavia,Bechara,United Kingdom
Flavio,Medina,Japan
Flynn,Curry,France
Fortune,Feimster,Germany
Franois,Cluzet,United States
Francesco,Carril,United States
Francesco,De,Canada
Frances,OConnor,Spain
Francisca,Lozano,Puerto Rico
Franck,Dubosc,South Korea
Franco,Escamilla,United States
Franco,Masini,Taiwan
Frank,Grillo,United States
Frank,Grillo,United States
Frank,Welker,Egypt
Fred,Tatasciore,United Kingdom
Freida,Pinto,Canada
Freida,Pinto,United States
Fumi,Nikaido,Scotland
Funke,Akindele,United States
Funke,Akindele,United States
Grard,Depardieu,United States
Gabriel,Iglesias,China
Gading,Marten,United States
Gang,Dongwon,Japan
Garrett,Ryan,Denmark
Gary,Lightbody,United States
Gary,Oldman,United States
Gaspard,Schlatter,Spain
Gavin,Lewis,Japan
Gbenga,Titiloye,United States
Geetika,Vidya,Japan
Genevieve,Nnaji,South Korea
Genevieve,Nnaji,Japan
Gene,Wilder,Egypt
Gen,Hoshino,United States
Geoffrey,Rush,Belgium
George,Clooney,Belgium
George,Clooney,Belgium
George,Lopez,Colombia
Georges,Khabbaz,South Korea
Gerald,Anderson,United States
Ghadah,Abdulrazeq,Japan
Gil,Alexandre,France
Gillian,Jacobs,United States
Gina,Carano,United States
Gina,Rodriguez,Brazil
Gina,Rodriguez,United States
Gina,Yashere,United States
Gina,Yashere,United States
Ginnifer,Goodwin,Australia
Gippy,Grewal,Japan
Gitte,Witt,Egypt
Gong,Yoo,India
Goo,Jin,United States
Gord,Downie,United States
Gordon,Liu,United States
Grace,Van,Poland
Graham,Chapman,South Korea
Graham,Phillips,Taiwan
Grant,Bowler,Canada
Greg,Kinnear,Canada
Greg,Kinnear,Canada
Gregorio,Duvivier,United Kingdom
Greta,Gregory,Taiwan
Guggu,Gill,France
Guillaume,Laurin,United States
Guillermo,del,France
Guru,Somasundaram,United Kingdom
Gustavo,Snchez,United States
Guy,Martin,Japan
Guy,Pearce,Japan
Guy,Pearce,Japan
Hctor,Anglada,Spain
Haifa,Wehbe,United States
Hairul,Azreen,Japan
Hajira,Yamin,Japan
Haley,Bennett,Lebanon
Haley,Lu,France
Halil,Sezai,United States
Halina,Buynooza,South Korea
Halle,Berry,South Korea
Halle,Berry,Australia
Haluk,Bilginer,Denmark
Hannah,Emily,United States
Hannah,Gadsby,United States
Hannah,Gadsby,United States
Hannah,Marks,United Kingdom
Harbhajan,Mann,United States
Harish,Verma,Russia
Harley,Quinn,United States
Harrdy,Sandhu,United States
Harrison,Chad,United States
Harrison,Ford,United States
Harrison,Ford,South Africa
Harrison,Ford,United States
Harry,Styles,Spain
Hassan,El,United States
Hayden,Christensen,Australia
Hayley,Lovitt,United States
Hector,Elizondo,United States
Hedi,Bouchenafa,United States
Hedy,Lamarr,India
Helen,Mirren,Singapore
Helen,Mirren,United States
Helen,Mirren,United States
Helen,Mirren,France
Henry,Cavill,France
Henry,Fonda,India
Henry,Fonda,United States
Herjunot,Ali,Japan
Hikaru,Utada,United States
Hilary,Swank,United Kingdom
Holly,Hunter,India
Holly,Taylor,South Korea
Hong,Bumki,United States
Hou,Hsiao,United States
Hrithik,Roshan,United States
Huang,Lei,Taiwan
Hugh,Bonneville,Brazil
Hugh,Bonneville,United States
Hugh,Grant,United States
Hugh,Grant,United States
Hugo,Silva,India
Hussain,Al,United States
Hyun,Bin,Japan
Ice,Cube,Japan
Idris,Elba,Spain
Ignacia,Allamand,Israel
Ikue,Otani,Israel
Iliza,Shlesinger,Japan
Imanol,Arias,India
Imran,Khan,United States
Imran,Khan,South Korea
Imran,Khan,Japan
Imran,Rasheed,United States
Ingrid,Guimares,Brazil
Ini,DimaOkojie,United States
Inpyo,Cha,United States
Iqbaal,Ramadhan,Turkey
Iqbaal,Ramadhan,Turkey
Irene,Wan,Turkey
Irrfan,Khan,Turkey
Irrfan,Khan,Japan
Irrfan,Khan,United States
Isabela,Moner,France
Isabella,Acres,India
Isabelle,Adjani,India
Iva,Pazderkov,India
Jhannes,Haukur,India
Jack,Black,United Kingdom
Jack,Black,France
Jack,Black,United States
Jack,CutmoreScott,Chile
Jackie,Appiah,Taiwan
Jackie,Chan,United Kingdom
Jackie,Chan,United States
Jackie,Chan,United States
Jackie,Shroff,United States
Jackie,Shroff,United States
Jack,Lemmon,Poland
Jack,OConnell,United States
Jack,Whitehall,United States
Jack,Whitehall,United Kingdom
Jack,Whitehall,Mexico
Jacky,Cheung,France
Jacob,Artist,Turkey
Jacob,Elordi,South Korea
Jacob,Gregory,United States
Jacob,Latimore,Germany
Jacqueline,Fernandez,Canada
Jacqueline,Kim,United States
Jacqueline,Toboni,United States
Jaden,Michael,France
Jaimi,Paige,United States
Jake,Gyllenhaal,Brazil
Jake,Gyllenhaal,United States
Jake,Short,France
Jakob,Dylan,India
James,Brolin,Japan
James,Franco,United Kingdom
James,Lawrence,United States
James,Marsden,United States
James,Mathis,Argentina
James,Purefoy,United States
James,Stewart,Japan
Jamie,Bell,United States
Jamie,Bell,South Korea
Jamie,Foxx,United States
Jandino,Asporaat,United States
Jane,Fonda,United States
Janhvi,Kapoor,United States
Janna,Levin,United States
Jan,Nowicki,United Kingdom
Jared,Leto,India
Jared,Padalecki,Singapore
Jason,James,United Kingdom
Jason,Mewes,South Korea
Jason,Patric,United States
Jason,Ritter,Germany
Jason,Segel,Spain
Jason,Segel,Brazil
Jason,Statham,United States
Jason,Statham,Thailand
Jason,Statham,Australia
Jason,Sudeikis,Japan
Jason,Sudeikis,United States
Jaspinder,Cheema,Nigeria
Jaswinder,Bhalla,Canada
Javicia,Leslie,France
Javier,Gutirrez,United Kingdom
Jay,Baruchel,United States
Jay,Chou,France
Jay,Duplass,United States
Jaylen,Barron,Brazil
Jazzy,B,United States
JeanBaptiste,Marcenac,India
JeanClaude,Van,Japan
JeanClaude,Van,United States
Jean,Dujardin,United Kingdom
Jean,Dujardin,South Korea
Jeannie,Elias,United States
Jeff,Bridges,South Korea
Jeff,Daniels,Canada
Jeff,Dunham,United States
Jeff,Dunham,United States
Jeff,Dunham,United States
Jeff,Dunham,United States
Jeff,Dunham,Singapore
Jeffrey,Wright,South Korea
Jene,LaMarque,Australia
Jeni,Ross,South Korea
Jen,Kirkman,India
Jennifer,Aniston,India
Jennifer,Lopez,India
Jeremy,Ray,United States
Jeremy,Renner,United States
Jeremy,Renner,United States
Jeremy,Scott,United Kingdom
Jerry,Lewis,United States
Jerry,Seinfeld,United States
Jerry,Seinfeld,India
Jerzy,Radziwiowicz,United Kingdom
Jesse,Eisenberg,Italy
Jessica,Allain,United States
Jessica,Chastain,United States
Jessica,De,Nigeria
Jessica,Williams,India
Jewel,ThaisWilliams,United Kingdom
Jim,Carrey,Canada
Jim,Carrey,Canada
Jim,Carrey,Canada
Jim,Gaffigan,United States
Jim,Henson,Mexico
Jimi,Hendrix,South Korea
Jimmy,Carr,United Kingdom
Jimmy,Shergill,Egypt
Jimmy,Shergill,Taiwan
Jim,Parsons,Canada
Jim,Sturgess,Canada
Jirayu,Laongmanee,Ireland
Jitendra,Joshi,Canada
Joaqun,Ferreira,Canada
Joe,Anderson,United States
Joel,Courtney,United States
Joel,Edgerton,France
Joe,Mande,Mexico
Joe,Taslim,United States
Joey,Camen,India
Joey,Kern,South Korea
Joey,King,South Korea
Johan,Cruyff,Canada
John,Abraham,Mexico
John,C,Mexico
John,C,Brazil
John,Cleese,United States
John,Connors,United States
John,Cusack,South Korea
John,David,United States
John,Hawkes,Japan
John,Lloyd,United States
John,Lloyd,United States
John,Lloyd,United States
John,Lloyd,Canada
John,Mulaney,United States
John,Mulaney,United States
Johnny,Depp,Australia
Johnny,Depp,Russia
Johnny,Depp,United States
John,Paul,Spain
John,Roohinian,Spain
John,Sessions,Brazil
John,Travolta,United Kingdom
John,Travolta,United States
John,Wayne,United States
Jonah,Hill,Japan
Jonas,Nay,Iceland
Jonathan,Park,Finland
Jordana,Beatty,United Kingdom
Jorge,Garca,South Korea
Jos,Mujica,Romania
Jose,Coronado,Romania
Joseph,GordonLevitt,United States
Joseph,GordonLevitt,United States
Josephine,Langford,United States
Josephine,Langford,United Kingdom
Joseph,Millson,Thailand
Joseph,Vijay,Canada
Josh,Charles,Germany
Josh,Duhamel,Taiwan
Josh,Hamilton,United States
Josh,Hartnett,Denmark
Josh,Lucas,Brazil
Josh,OConnor,South Korea
Josh,Peck,United Kingdom
Joyraj,Bhattacharya,United States
Joy,Sengupta,South Korea
Juan,Daniel,India
Juan,Sebastin,South Korea
Judy,Davis,United States
Juhi,Chawla,Germany
Julin,Arango,Thailand
Julian,Morris,Japan
Julianne,Moore,Canada
Julian,Sands,Australia
Julian,Schaffner,India
Julia,Stiles,France
Julia,WieniawaNarkiewicz,United States
Julia,WieniawaNarkiewicz,United States
Julie,Maddalena,United States
Junaid,Akhtar,Norway
Jungmin,Hwang,United States
Justin,Deeley,India
Justin,Fashanu,India
Justin,Fletcher,United States
Kai,Ko,United States
Kajal,Aggarwal,United States
Kamal,Hassan,Australia
Kandido,Uranga,South Korea
Kangana,Ranaut,Lebanon
Kangho,Song,Argentina
Kangho,Song,Turkey
Kaniehtiio,Horn,United States
Kanto,Shimokura,Australia
Kapil,Sharma,United States
Kareem,Mahmoud,United Kingdom
Karen,Strassman,United Kingdom
Kari,Alison,India
Karim,Saleh,United Kingdom
Karole,Rocher,United States
Karra,Elejalde,Taiwan
Kartik,Aaryan,United States
Kartik,Aaryan,India
Kate,Higgins,India
Kate,Higgins,India
Kate,Murphy,United States
Kate,Winslet,United States
Kat,Graham,Australia
Kat,Graham,United States
Kathryn,Bernardo,United States
Kathryn,Bernardo,United States
Kathryn,Bernardo,Italy
Katie,Couric,United States
Katie,Holmes,United Kingdom
Katrina,Kaif,Netherlands
Katt,Williams,United States
Katt,Williams,India
Kavin,Jay,Spain
Kay,Kay,United States
Kay,Kay,United States
Kay,Kay,Spain
Keanu,Reeves,India
Keanu,Reeves,India
Kehinde,Bankole,India
Keira,Knightley,Taiwan
Keith,Richards,France
Kellan,Lutz,United States
Kelli,Berglund,Egypt
Kelly,Hu,United States
Kelly,Sheridan,South Korea
Kelly,Sheridan,United States
Kenan,Thompson,United States
Ken,Foree,United States
Kenjiro,Yamashita,United States
Kenny,Bee,Japan
