director_first_name,director_surname,director_nationality
Brian,Aabech,France
Brian,Aabecha,South Korea
Ali,Abbas,United States
Ali,Abbasi,United Kingdom
Zaahir,Abdullah,United States
Zaahir,Abdullahh,United States
Mukul,Abhyankar,United States
Eric,Abrams,India
Catlin,Adams,United States
Lisa,Addario,United States
ahmed,adel,Taiwan
Percy,Adlon,United States
Nikkhil,Advania,Australia
Nikkhil,Advani,United States
Casey,Affleck,Japan
Vivek,Agnihotri,United States
Karim,Ainouz,Mexico
Daisy,Aitkens,United States
Aditya,Ajay,Canada
Zoya,Akhtari,India
Farhan,Akhtar,United States
David,Albala,United States
Wade,Alexander,India
David,Alford,Egypt
Shaad,Ali,United States
Robert,Allann,United States
Arthur,Allan,Australia
David,Alleni,United Kingdom
Mark,Alleen,United States
Dewey,Allenn,Indonesia
Roy,Allen,United States
David,Allensworth,Germany
Rami,Alon,United States
Rick,Altizer,United States
Elena,Altman,United States
Mark,Altmani,Japan
David,Alvarado,United Kingdom
Jeta,Amata,Japan
Elisa,Amoru,Japan
Elisa,Amoruso,United Kingdom
Kamal,Amrohi,United Kingdom
Siddharth,Anand,India
Vinod,Anantoju,Vietnam
Les,Anas,France
Dominic,Anciano,United States
Christopher,Andersen,United States
Sonia,Anderson,United States
Gordon,Anders,Indonesia
Mario,Andreacchio,Turkey
Michael,Andres,Mexico
Benedict,Andrews,India
JeanJacques,Annaud,India
Eitan,Anner,Canada
David,Anspaugh,Denmark
Michael,Apted,United States
Emilio,Aragn,United States
George,Archainbaud,United States
Benjamin,Arfmann,Italy
Allison,Argo,United States
Lisa,Arld,United States
Don,Armstrong,Canada
Timothy,Armstroeng,India
Lucie,Arnaz,Canada
Chris,Aronoff,United Kingdom
Ylmaz,Arslan,Thailand
Amma,Asante,United States
Jenny,Ash,India
John,Asher,United States
Christopher,Ashley,Egypt
G,Ashok,Spain
Nag,Ashwin,Germany
Storm,Ashwood,Indonesia
Ali,Askari,United Kingdom
Matt,Askem,United States
Karan,Asnani,United States
Jean,Aspen,India
Steve,Asquith,Malaysia
Ari,Aster,United States
Nupur,Asthana,Chile
Nathaniel,Atcheson,India
Aristotle,Athiras,India
Vivek,Athreya,United States
Mark,Atkins,United States
Yvan,Attal,United States
David,Au,Poland
Phil,Austin,India
Brian,AvenetBradley,India
Brian,Averill,South Korea
Lisa,Azuelos,United States
Jay,Bachochin,Cyprus
John,Badham,Japan
Jeff,Baena,United Arab Emirates
Zak,Bagans,Japan
Ian,Bagg,United States
Rock,Baijnauth,United States
Alfredo,Bail,India
Norma,Bailey,Canada
Josh,Bailley,United States
Barnet,Bain,Spain
Catherine,Bainbridge,United States
Steve,Bakers,India
Jonathan,Barker,Spain
Dylan,Baker,United States
Amin,Bakhshian,United Kingdom
Ralph,Bakshi,India
Ted,Balaker,United States
Shalini,Balasundaram,United States
John,Balazs,Indonesia
Myriam,Ballesteros,South Korea
Mohan,Bammidi,South Korea
Albert,Band,Argentina
Dibakar,Banerjee,India
Lance,Bangs,India
K,Bapaiah,United States
Joe,Barajas,South Korea
Uri,Barbash,United States
Tom,BarborMight,South Korea
Jep,Barcelona,United States
Jo,Bareun,Brazil
Amir,BarLev,United States
Clio,Barnard,United States
Cooper,Barnes,France
Bruno,Barreto,United States
Seth,Barrish,United States
Andrzej,Bartkowiak,United States
Ollie,Bartlett,Nigeria
Ryan,BartonGrimley,United Kingdom
Paolo,Barzman,India
Jorge,Bastidas,United States
Deep,Basu,United States
Ritesh,Batra,United States
Roy,Battersby,Japan
David,Batty,India
Ryon,Baxter,United Kingdom
Hani,Bay,Spain
Anees,Bazmee,United States
Keith,Bearden,Japan
Lygia,Beatriz,United Kingdom
Stuart,Beattie,Thailand
William,Beaudine,Canada
Harold,Becker,Spain
Narendra,Bedi,United Kingdom
Pablo,Behrens,Canada
Aidan,Belizaire,Nigeria
Tone,Bells,United States
Christopher,Bell,South Korea
Tim,Bellmont,United States
Chandrajith,Belliappa,Turkey
Jarett,Bellucci,United States
Andrew,Bellware,Australia
Kristopher,Belman,Philippines
Mike,Bencivenga,United States
Mandeep,Benipal,Philippines
Richard,Benjammin,India
Owen,Benjamin,United States
Neil,Benn,United States
Jack,Bennette,United Kingdom
Theresa,Bennett,India
Doug,Benson,Netherlands
Robert,Benton,Japan
ELVIRE,BERAHYA,United States
Bruce,Beresford,Brazil
William,Berke,United States
Marc,Berlin,United Kingdom
Daniel,Bernal,United States
Jason,Bernard,India
Assaf,Bernstein,Canada
Xabier,Berraondo,New Zealand
Claude,Berri,Australia
Richard,Berrin,Spain
Abel,Berry,Australia
Thomas,Bezucha,United States
K,Bhagyaraj,South Korea
Dhyanesh,Bhalekar,Germany
Pannaga,Bharana,United States
Vishal,Bhardwaje,United States
Pushpdeep,Bhardwaj,Mexico
Maureen,Bharoocha,Chile
Vikram,Bhatt,Thailand
Vikram,Bhatts,Thailand
Mainak,Bhaumik,Japan
K,Bhavani,France
Shefali,Bhushana,United States
Aabid,Bhushan,Germany
Rick,Bieber,United States
Charles,Binam,Thailand
Charles,Binamac,Thailand
Alfredo,Bindoli,United States
Jon,Binkowski,Japan
Josh,Binney,Egypt
Mike,Birbiglia,Indonesia
Samuel,Bischoff,United States
Don,Bitters,Nigeria
Stickgang,Biz,India
Mickey,Blaine,India
Sam,Blair,United States
Mark,Blanchard,Taiwan
WILLIAM,Bleu,United States
Saul,Blinkoff,Australia
Stephan,Blinn,Netherlands
Juliane,Block,Turkey
Jeffrey,Bloom,South Korea
Amanda,Blue,United States
Drake,Bob,Denmark
Herve,Bodilis,United States
Elan,Bogaran,United States
John,BokenKamp,United States
Uwe,Boll,Indonesia
Chris,Bollinger,India
David,Bolt,Canada
Rene,Bonniere,South Korea
Jazz,Boona,Taiwan
Dany,Boon,India
Waymon,Boone,Spain
John,Boorman,Thailand
Jaco,Booyens,United Kingdom
Eduard,Bordukov,Germany
John,Borowski,United Kingdom
Derrick,Borte,United Kingdom
Alfredo,Bortoll,United States
Kristian,Boruff,United States
Shyamal,Bose,United States
Laurent,Bouhnik,United States
Chris,Bould,Mexico
Jason,Bourque,United States
Michael,Bouson,United Kingdom
Jenny,Bowen,India
Barry,Bowles,Japan
Chezzy,Boy,United Kingdom
Daniel,Boyd,United States
Julio,Bracho,United States
Jordan,Brady,Denmark
Seth,Breedlove,United Arab Emirates
Ryan,Brennan,Germany
Howard,Bretherton,United States
Nicolas,Breton,Australia
Barry,Brewer,South Korea
Clarence,Bricker,South Korea
Burt,Brinckerhoff,United States
Mikkel,Brnne,United States
Ben,Browder,India
Otto,Brower,United States
Marc,Brow,Spain
Clarence,Brown,Turkey
Tim,Browner,China
Karl,Bron,United States
Bruce,Browton,Turkey
Samuel,Brownfield,United Kingdom
H,Bruce,United States
Lisa,Bryer,United States
Adam,Buck,United States
Noel,Buckner,France
Nick,Budabin,United States
Luis,Bunuel,Georgia
Josiah,Burdick,South Africa
John,Burgess,United States
Stephen,Burker,New Zealand
Cecil,Burke,Japan
Stepan,Burnashev,United States
Charles,Burnett,United States
Anthony,Burns,Japan
Chad,Burnns,Canada
Dominic,Burnside,Hong Kong
Martha,Burr,United States
Sasha,Burrow,Nigeria
Tim,Burstall,Indonesia
Thomas,Buschbeck,South Korea
Logan,Bush,United States
William,Butler,United States
Eve,Butterly,United States
Luis,Buuel,Poland
Bob,Byington,United Kingdom
Joe,Cacaci,United States
Allan,Caggiano,United States
Sean,Cain,Canada
Adrian,Cale,Argentina
Jeremiah,Camara,Mexico
Juan,Camilo,India
Graeme,Campbells,United States
Doug,Campbell,Australia
Ami,Canaan,United States
Stephen,Canty,Argentina
Olivia,Cappuccini,United States
Frank,Capra,India
JS,Cardone,Canada
Uga,Carlini,Canada
Joe,Carnahan,Australia
Rodolfo,Carnevale,United States
Michael,Carney,United States
Fred,Carpenter,Canada
Thomas,Carre,Singapore
Bernard,Carr,India
Joan,CarrWiggin,Mexico
Vincent,Carter,India
Shelagh,Carten,India
Al,Carters,United States
DJ,Caruso,United Kingdom
Flavia,Cas,India
Andy,Casagrande,United States
Steven,Casemont,United States
Quanie,Cash,Canada
Agustin,Castaaeda,South Korea
William,Castle,United States
Caroline,Catac,Philippines
Ralph,Cedar,India
Dana,Celeste,United States
Anthony,CEO Peso,Argentina
Jean,chambre,Italy
Pablo,Chamorro,Germany
Gregg,Champion,Germany
Benny,Chan,France
Lee,Changdong,United States
Lee,Changgeun,United States
Song,Changsu,United States
Jay,Chapman,Norway
Joe,Chappelle,Vietnam
Tony,Charmoli,Mexico
Jonathan,Chased,United States
Diana,Chase,Hong Kong
Tienne,Chatiliez,India
Bornila,Chatterjee,United States
Saket,Chaudhary,United States
Rudranil,Chaudhuri,France
Nishi,Chawla,Pakistan
Matt,Checkowski,India
Douglas,Cheek,Nigeria
WeiHao,Chengu,United States
Johnson,Chenga,Hong Kong
Teng,Cheng,Canada
Alison,Chernick,Japan
Cynthia,CherryLeon,United States
Liu,Chialiang,Canada
David,Chirchirillo,China
Justin,Chon,India
Yash,Chopra,Nigeria
TC,Christensen,South Africa
Ash,Christianson,United Kingdom
Roger,Christian,United States
David,Christians,United Kingdom
Mike,Christie,India
YenPing,Chu,United States
Michael,Chuah,Japan
Alfonso,Ciccarelli,Germany
Connor,Ciecko,United Kingdom
Rick,Cikowski,Indonesia
Felipe,Cisneros,Norway
K,Citrell,Nigeria
Garrett,Clancy,United States
Cybela,Clare,United Kingdom
Kyle,Clarke,United States
Giulia,Clark,United Kingdom
Bob,Clarkson,India
Nathan,Clarksone,Spain
Turner,Clay,United States
Graeme,Clifford,Mexico
Elmer,Clifton,United States
Robert,Clouse,India
Letia,Clouston,United States
Duncan,Coe,United States
Ethan,Coen,United States
Chris,Cofer,United States
Stephen,Cognetti,United States
Clayton,Cogswell,United States
Sheldon,Cophen,South Korea
Robert,Cohens,South Korea
Daniel,Cohen,Turkey
Alan,Cohns,Indonesia
Emily,Cohn,India
Lucy,Coleman,Argentina
Peter,Collinson,United States
Frederic,Compain,India
Charlie,Comparetto,Austria
Cedric,Condon,Canada
Stephen,Cone,United States
Nicole,Conn,United Kingdom
Gaelan,Connell,Canada
Jason,Connery,South Korea
Robert,Connolly,Japan
Kevin,Conolly,France
Kevin,Connor,South Korea
Matthew,Cooke,United Kingdom
Ben,Cookson,United States
Martha,Coolidge,United States
Trent,Cooper,United States
Bram,Coppens,United States
Mike,Corbera,South Korea
Steven,Corello,United States
Joe,Cornet,Belgium
Lloyd,Corrigan,United Kingdom
Caroline,Cory,United States
Don,Coscarelli,United States
Panos,Cosmatos,India
Paul,Cox,United States
James,Coxe,United States
Phil,Coax,South Korea
James,Coxen,United States
Jay,Craven,United States
Patrick,Creadon,Egypt
MITCH,Credle,United States
David,Creed,United States
Gary,Crenshaw,United Kingdom
Michael,Crichton,India
Sol,Cricket,India
Donald,Crisp,South Korea
Nancy,Criss,South Korea
Joseph,Crood,Taiwan
White,Cross,India
Caroline,Cros,Philippines
Bill,Crossland,United Kingdom
Zac,Crouse,United States
James,Cruze,India
Mike,Cuff,Nigeria
Robert,Cuffley,India
Audrey,Cummings,Canada
Gil,Cunha,United States
Sol,Curson,India
Dan,Curtis,Spain
Michael,Curtiz,South Korea
David,Czarnetzki,Argentina
Savvas,Denti,Germany
James,Durrell,United States
Sarah,DaggarNickson,Ireland
Bora,Dagtekin,India
Jay,Dahl,United States
Pratim,Daltry,United States
Michael,Damian,Spain
Charles,Dance,Taiwan
Nicole,DAngelo,United Kingdom
Nicholas,Danko,United States
Joe,Dante,United States
Abel,Dare,India
Suneel,Darshan,United States
William,Dartry,United States
David,Dartris,United States
Delmer,Daves,India
Charlie,David,Germany
Boaz,Davidson,Nigeria
Savvas,Davin,United States
Beverly,Davies,United States
Mick,Daviss,United Kingdom
Myron,Davis,United States
Geordie,Day,France
Antoine,Desni,South Korea
Marc,Dep,Japan
Rocao,Dean,United States
William,Dear,Germany
David,DeCoteau,Germany
Brian,DeCubellis,United States
Jean,Defly,Finland
Michael,DeGrazier,Egypt
Mark,Deimel,United States
Benjamin,DeJesus,United States
Thomas,Dekkerr,Indonesia
Fred,Dekker,Philippines
David,Delm,United States
Adam,Del,United States
Andy,Delaney,United States
Julie,Delpy,United Kingdom
Joe,DeMaio,Canada
Jonathan,Demme,United States
Raymond,Denn,South Korea
Abhinay,Deo,India
Keshav,Depur,United Kingdom
Jacques,Deray,United Kingdom
Brandon,Dermer,India
Savvas,Desmond,Germany
Marco,Deufemia,United States
Martn,Deus,Australia
Ashok,Dev,Canada
Arthur,Devoye,United States
Brian,Devoy,United Kingdom
Vishal,Devrukhkar,United States
Howie,Dewin,United Kingdom
Andrew,Dicoto,United States
Giuseppe,Di,Czech Republic
Rob,Diamond,United States
Ernesto,Diaz,United Kingdom
Frank,DiCesare,Japan
Benjamin,Dickinson,India
Carlos,Diegues,Mexico
William,Dieterle,Indonesia
Michael,Dillon,France
Dennis,Dimster,United Kingdom
Leon,Ding,Spain
Andrea,Dior,United States
Rob,Dipple,Japan
Mike,Disa,South Africa
Christian,Ditter,United States
Jay,Dockendorf,United States
Jamal,Doctor,Canada
Ninian,Doff,India
Daniel,Doherty,United States
Michael,Dominic,United Kingdom
Stanley,Donen,India
Clive,Donner,India
Martin,Donovans,United States
Bailey,Donovan,Turkey
Jorge,Dorado,Spain
Drake,Doremus,United States
ChristopherLee,dos,Japan
Kirk,Douglas,South Korea
Tyeisha,Downer,Japan
Paul,Downs,Germany
Michael,Dowse,Germany
Stan,Dragoti,United Kingdom
James,Drake,Brazil
Edward,Draker,United States
Lewis,Draken,United States
I,Drakos,United States
Marcus,Dreeke,Russia
Arthur,Dreifuss,Japan
Matt,Drummond,India
Remo,Dsouza,United States
Tristan,Dubois,United States
Vadim,Dubrovitskiy,India
Jackson,Ducasse,United States
Adam,Dufour,France
Christian,Duguay,India
Mike,Dunkin,South Korea
Richard,Dunlap,United States
Jay,Duplass,United States
RS,Durai,Bangladesh
Daniel,Duran,United States
Paul,Durres,Australia
Richard,Dutcher,United States
Anjan,Dutta,India
GuyRoger,Duvert,Egypt
Allan,Dwan,India
Michael,Dwyer,Brazil
Toby,Dye,United States
Julia,Dyer,Indonesia
Jon,East,Philippines
Gordon,Eastman,India
Joseph,Ebanks,Italy
Caryl,Ebenezer,United States
Allison,Eckert,India
Damien,EckhardtJacobi,Canada
Uli,Edel,Brazil
Nash,Edgerton,Japan
James,Edward,Indonesia
Nico,Edwardson,India
Jonathan,Eddwards,United States
Simon,Egan,United States
Owen,Egerton,United States
Michelle,Ehlen,Egypt
Adolf,El,Spain
John,Elbert,United States
Jan,Eliasberg,Spain
Anna,Elizabeth,Japan
Ron,Elliot,United States
Deb,Ellis,Poland
Joseph,Elmore,Malaysia
J,Elvis,Kuwait
Graham,Elwood,United States
Katharine,Emmer,United States
Pacter,Engert,Turkey
John,English,United States
Ray,Enright,India
Moonbug,Entertainment,France
Richard,Erdman,United States
LeAnn,Erickson,United States
Rick,Ernst,India
George,Erschbamer,United States
Robert,Ethan,Japan
David,Evan,United States
Marc,Evans,India
Sharon,Everitt,Turkey
Chris,Eyre,India
Peter,Facinelli,Canada
Laugh,Factory,Spain
Tommy,Faircloth,United States
Habib,Faisal,Egypt
Christina,Faith,Mexico
Philippe,Falardeau,United Kingdom
Jim,Fall,Turkey
Dennis,Fallon,Argentina
Fabian,Farina,Egypt
Daniel,Farrands,United States
Warren,Fast,Philippines
Neil,Fearnly,India
Steven,Feinartz,Spain
John,Feist,France
Xiaogang,Feng,Colombia
Robert,Fenton,United States
Robert,Fernandez,Japan
Alex,Ferrari,United States
John,Ferry,Poland
Javier,Fesser,United States
Jeff,Feuerzeig,United States
Sally,Field,United States
Mohamed,Fikrey,United States
AKREED,FILMS,Taiwan
Travis,Fine,United States
Edward,Finney,Taiwan
Stephen,Finnigan,Puerto Rico
Sam,Firstenberg,United States
Samuel,Fischer,United States
Chris,Fisher,Mexico
Thom,Fitzgerald,Mexico
DF,Fiuza,South Korea
Michel,Fizzano,Spain
Robert,Flaherty,United States
Richard,Fleischer,France
Paul,Fleming,Norway
Sprocket,Flicks,Nigeria
Benn,Flore,South Korea
Lamb,Florence,United States
Isaac,Florentine,Japan
Robert,Florey,India
Peter,Flynn,Turkey
Justin,Foia,Norway
Charlie,Fonville,South Korea
Christopher,Forbes,United States
John,Ford,United Kingdom
Frdric,Forestier,Canada
Miles,Forster,India
John,Fortenberry,China
Rebekah,Fortune,United States
Jodie,Foster,United States
Giles,Fostere,India
Jermaine,Fowler,Egypt
Michael,Fox,United States
Victor,Frad,United States
Dan,Fraga,Taiwan
John,Francis,United States
Melvin,Frank,Italy
Jay,Franklyn,Nigeria
Harry,Fraser,Egypt
Toa,Frazer,United Kingdom
JJ,Fredrick,Canada
Thor,Freudenthal,France
Bart,Freundlich,South Africa
Richard,Friedenberg,Turkey
Lee,Friedlander,Mexico
Rainer,Fromm,Spain
Yaichi,Fukuda,Taiwan
Hiroshi,Fukutomi,United States
Sidney,Furie,United States
Josh,Furlong,Chile
Kazuhiro,Furuhashi,India
Edgar,Grey,United States
Bryan,Gant,United States
Richard,Gabai,United States
Gerardo,Gabaldn,Spain
Drew,Gabreski,Netherlands
Brendan,Gabriel,United Kingdom
Renata,Gabryjelska,India
Sanjay,Gadhvi,India
Jeannie,Gaffigan,Egypt
Jorge,Gaggero,United States
Philippe,Gagnon,Germany
Timothy,Galfas,Japan
Jordan,Galland,South Korea
George,Gallo,United States
Greg,Galloway,United States
Damon,Gameau,United States
Veera,Ganamala,Israel
Ravin,Gandhi,United States
Liz,Garbus,China
Danny,Garcia,India
Jon,Garcias,United States
Enzo,Gardener,France
Jim,Gardner,Finland
Eva,Gardos,United States
Matteo,Garrone,United States
Ashok,Garson,India
Leon,Gast,United States
Enrique,Gato,United States
amile,Gaudreault,United States
Auturo,Gavino,India
Sarah,Gavron,United States
Vanessa,Gazy,France
Jeffrey,Gee,United States
Toby,Genkel,Spain
Johpaul,George,United States
Fred,Gerber,United Kingdom
Steve,Gerbson,United States
Ashley,Gething,United States
Sayantan,Ghosal,United States
Alex,Gibney,India
David,Gidali,United States
Coky,Giedroyc,United States
Michael,Giehmann,United States
Gregory,Gieras,Japan
Tony,Giglio,Australia
Phillip,Gilbert,United States
Daniel,Gilboy,United Kingdom
Bob,Giraldi,Egypt
Marcel,Gisler,Indonesia
Harvey,Glazer,Argentina
Tony,Glazen,United States
Becca,Gleason,United States
Clay,Glen,Italy
Jeff,Glickman,Brazil
Michael,Glover,Japan
Kreeti,Gogia,India
Sandra,Goldbacher,China
Kenny,Golde,United States
Maureen,Goldthorpe,India
Bobcat,Goldthwait,United Kingdom
Nick,Gomez,United Kingdom
Cati,Gonzalez,United States
ngel,Gonzlez,Spain
Gregory,Goodell,United States
Sophie,Goodhart,Lebanon
Ram,Gopal,United States
Raghu,Gopasani,United States
Chris,Gorak,United States
Spencer,Gordo,India
Robert,Gordons,United States
Glenn,Gordon,Australia
Michael,Gornick,France
Olga,Gorodetskaya,Hong Kong
John,Gorrie,United States
Earl,Goshorn,Netherlands
Deondray,Gossfield,United States
Andrew,Goth,Turkey
Edmond,Goulding,Lebanon
Karan,Gour,United States
Bruce,Gower,South Africa
Kenneth,Gowth,Netherlands
Sy,Gowthamraj,Japan
Adrian,Granberg,Spain
Marita,Grabiak,United States
Phil,Grabsky,Japan
Michael,Gracey,United Kingdom
Michael,Graham,China
Riagin,Grainger,United States
Debra,Granik,United States
Julian,Grant,United Kingdom
Tim,Gray,Australia
Matt,Greene,Australia
Lauren,Greenfield,France
Steve,Greisen,India
Arthur,Greville,United States
Richard,Griffin,United States
DW,Griffith,United States
Megan,Griffiths,Japan
Anthony,Grimshaw,Turkey
Dan,Grin,United States
Gillian,Grisman,Australia
Fred,Grivois,United Kingdom
Paul,Gross,United States
David,Grubin,Hong Kong
Adrian,Grunberg,India
Alain,Gsponer,United States
Sergio,Guerrero,Argentina
Martin,Guigui,India
Meghna,Gulzar,United States
Catherine,Gund,Japan
Andrew,Gunn,United States
Sturla,Gunnarsson,United States
Liu,Guonan,Canada
Sanjay,Gupta,United States
Amole,Gupte,India
Gunter,Hague,Canada
Leslie,Hyde,Germany
Keith,Habersberger,United Kingdom
James,Hacking,India
Tom,Hadzor,United States
Jeremy,Haft,United Kingdom
Jim,Haggerty,Australia
Randa,Haines,United States
Amin,Hajee,United States
Isaac,Halasima,United States
Chip,Hale,India
Frank,Hall,United States
Howard,Halls,Brazil
Victor,Halperin,Philippines
DC,Hamilton,United States
John,Hancock,Hong Kong
Nenshad,Hanratty,United States
Iqbal,Hans,Lebanon
Chadd,Harbold,Colombia
Shorni,Hardy,India
Alma,Harel,United States
Robert,Harmon,France
Joby,Harold,Brazil
B,Harrison,United States
Julia,Hart,United States
John,Hartan,United States
David,Hartford,France
Don,Hartman,United States
Janet,Harvey,United States
Brett,Harveys,India
Ebrahim,Hatamikia,United States
Henry,Hathaway,United States
Nick,Hatton,United Kingdom
Blair,Hayes,United States
Robin,Hays,Germany
Kaneesha,Heath,France
Chantal,Hebert,Spain
Matthew,Heineman,India
Stuart,Heisler,United States
Jake,Helgren,India
Jack,Heller,United States
Brian,Hennigan,United States
Mike,Henricks,United States
Bob,Henry,United States
John,Henrys,United States
Jim,Henson,United States
Albert,Hermans,United States
Al,Herman,United States
Mister,Hero,United States
Joel,Hershman,Spain
Juraj,Herz,India
John,Herzfeld,Sweden
Brian,Herzlinger,United Kingdom
Mark,Herzog,United States
David,Hessemer,France
John,Hewett,United States
Jerry,Hibbert,United States
George,Hickenlooper,United States
Richard,Hickey,Mexico
Howard,Higgin,South Korea
Howard,Higgins,Canada
Melinda,Hill,United Kingdom
Jorge,Hinojosa,Canada
Denny,Hironaga,Sweden
Alfred,Hitchcock,United States
Godfrey,Ho,Canada
Yim,How,United States
William,Hoareau,United States
Josh,Hodgins,United States
Michael,Hoffman,Germany
Gray,Hofmeyr,United States
Steve,Hofstetter,United States
James,Hogan,Thailand
Joseph,Holden,Argentina
Cannis,Holder,Mexico
John,Holdsworth,United States
David,Holley,United Kingdom
Matthew,Holmes,United Kingdom
Jason,Holmnes,United States
John,Holowach,Egypt
Alexander,Holt,Japan
Sarah,Holts,Japan
Russell,Holltz,United States
Roger,Holzberg,Mexico
Mitsuru,Hongo,France
Jang,Hoon,United States
Stella,Hopkins,Canada
Dennis,Hopper,United States
Harry,Horner,United States
Mark,Hosack,India
Joe,Hostettler,United States
Ben,Howard,United States
Lee,Howards,Australia
William,Howlin,India
John,Huddles,United Kingdom
Hugh,Hudson,Germany
Alfredo,Hueck,United Kingdom
Christian,Hughes,United Kingdom
Devin,Hume,United States
Helen,Hunt,United States
Carl,Hunter,Canada
Ihtziar,Hurtado,United States
John,Hussey,France
John,Huston,India
Frank,Hutto,India
Timothy,Hutton,Nigeria
Peter,Hyams,United States
John,Hyamms,Japan
Boma,Iluma,Spain
Lisa,Immordino,United Kingdom
Bert,Inca,Spain
Mikey,Indio,France
Sexy,Intellectual,India
Sam,Irvin,Japan
Jeanine,Isabel,Taiwan
Boris,Ivanov,Taiwan
Julien,Ivanowich,Colombia
Glendyn,Ivin,United States
Omar,Iyer,United States
Edgar,Jaspen,India
Major,Jack,India
Fred,Jackman,Malaysia
Brbel,Jacks,Canada
David,Jackson,France
Andrew,Jacobs,India
Dustin,Jacob,United States
Ricardo,Jacques,United States
Sanjay,Jadhav,United States
Henry,Jaglom,United States
Prince,Jagrit,India
Jasmine,Jamar,Chile
Lucas,James,Colombia
Vadla,Janardhan,United Kingdom
Eugene,Jarecki,United States
Jim,Jarmusch,Taiwan
Angelo,Jartin,United States
Michal,Jarzabek,United States
William,Jason,United States
Frank,Jasons,Saudi Arabia
Jeroen,Jaspaert,Turkey
Louis,Jaunis,France
Udit,Jawarani,United States
Adam,Jay,United States
Radhika,Jayanthi,India
Scott,Jeffrey,United Kingdom
Karen,Jenders,United States
Tom,Jennings,United States
Danny,Jenter,United Kingdom
Chang,Jeong,Romania
Sona,Jho,France
William,Jinko,Brazil
Howard,Jinn,Spain
Reginald,Jinsel,China
Wendy,Jo,United States
Amel,Joe,United States
Luke,Joerger,South Africa
Mark,Joffe,India
Gautam,Joglekar,United Kingdom
Karan,Johar,France
Stevin,John,India
JJ,Johnson,Philippines
Rian,Johnsson,India
Nahala,Johnsons,United States
Super,JoJo,South Africa
David,Jones,United States
Brian,Jorden,Italy
Glenn,Jordane,Australia
Neil,Jordan,United Kingdom
Pratima,Joshin,United States
Girish,Joshi,South Africa
Jis,Joy,United States
Brett,Jubinville,United States
Rohit,Jugraj,India
Rupert,Julian,Japan
Sang,Jun,United States
Gil,Junger,India
Michael,Junghanns,United States
Karzan,Kader,United States
Jeremy,Kagan,Brazil
Reema,Kagti,India
Richard,Kahn,United States
Thomas,Kail,United States
Nitin,Kakkar,United Kingdom
Amol,Kale,United States
Andrea,Kalin,Italy
S,Kalyaan,China
Arvind,Kamath,United States
Bharat,Kamma,United States
Mischa,Kamp,India
Paul,Kampf,United Kingdom
Lokesh,Kanagaraj,India
Joseph,Kane,Chile
Joe,Kanen,India
Shsuke,Kaneko,South Korea
Jeff,Kanew,Indonesia
Kevin,Kangas,United States
Rajesh,Kannaparthi,South Korea
Jay,Kanzler,Argentina
Abhishek,Kapoori,United States
MANOJ,Kapoor,India
Hasan,Karacada,United States
Oksana,Karas,Taiwan
William,Karel,United States
Phil,Karlson,India
Eashvar,Karthic,Spain
John,Kastner,Turkey
Jo,Kastners,United States
Sharat,Katariya,Nigeria
Vivy,Kathiresan,Brazil
Satish,Kaushik,India
Ivan,Kavanagh,Colombia
Ryan,Kawamoto,India
John,Keady,United States
James,Keach,India
Kell,Kearns,Japan
Jon,Keeyes,Australia
Johnny,Keffner,United States
Barnet,Kellman,United Kingdom
Brett,Kelly,United States
David,Kennard,Australia
Lou,Kennedy,United Kingdom
Janet,Kern,Japan
Michael,Kerry,United States
Saman,Kesh,United Kingdom
Mostafa,Keshvari,Canada
Shashank,Khaitan,India
Kabir,Khan,Argentina
Jake,Kheel,United States
Callie,Khouri,India
Treagen,Kier,Japan
Fritz,Kiersch,Spain
Jason,Killian,India
Regina,King,United States
Stephen,Kinigopoulos,France
Ravi,Kinnagi,France
Raj,Kiran,United States
James,Kirkwood,India
Lisa,Klein,United States
Randal,Kleiser,United Kingdom
Max,Kleven,South Korea
Herbert,Kline,Mexico
Alex,Knapp,Spain
Jon,Knautz,United States
Mark,Knight,Austria
Mark,Knioght,United States
Daniel,Knudsen,United States
Remy,Kohli,United States
Eran,Kolirin,Italy
Amos,Kollek,China
James,Komach,Spain
Sudha,Kongara,India
Peter,Kosminsky,Taiwan
Henry,Koster,Japan
Ajay,Koundinya,Mexico
Jan,Kounen,France
Robert,Krantz,United States
Dan,Krauss,Syria
Anudeep,Kravit,Italy
Justin,Kreutzmann,India
Mohana,Krishna,United States
Suri,Krishnamma,India
Pradeep,Krishnamoorthy,Egypt
Paul,Krizan,South Korea
Dagen,Kronn,Mexico
Danielle,Krudy,Spain
Cory,Krueckeberg,United States
Marty,Krzywonos,United States
Max,Ksjonda,India
Susan,Kucera,India
Kurt,Kuenne,India
Saleel,Kulkarni,France
Ram,Kumar,India
Stephen,Kunken,United States
Karyn,Kusama,United Kingdom
Emir,Kusturica,United States
Ken,Kwapis,United States
Derek,Kwok,Mexico
Brooke,Laar,France
Vinay,Laad,Canada
Twila,LaBar,United States
Gregory,Lacava,United States
Sean,LaFollette,United Kingdom
Milton,Lage,United States
Grant,Lahood,Egypt
John,Laing,Israel
Dipendra,Lama,United States
JeanClaude,LaMarre,Japan
Mrighdeep,Lamba,India
Mary,Lambert,India
Herbert,Lamern,Japan
Joshua,Land,United States
Lew,Landers,China
Castille,Landon,Lebanon
Paul,Landres,Egypt
Rocky,Lang,Turkey
Sherri,Langton,United States
Borys,Lankosz,United States
Nadav,Lapid,United Kingdom
Randall,Larsen,United States
Ammar,Lasani,United States
Quinn,Lasher,India
Caroline,Laskow,United States
Azim,Lateef,Argentina
Claudio,Lattanzi,United Kingdom
Jeffrey,Lau,United Kingdom
Pascal,Laugier,Nigeria
Joseph,Lawson,United States
JF,Lawton,Canada
Bart,Layton,China
Anne,Lebane,Namibia
Jay,Lee,Italy
David,Leefew,United Kingdom
John,Leekley,United States
Sanjay,Leela,United States
Harry,Leewar,United States
Philippe,Lefebvre,United States
Bruce,Legg,United Kingdom
Michael,Lehmann,South Africa
Jason,Lei,United States
Mike,Leigh,United Kingdom
Natalia,Leite,United Kingdom
Herbert,Lender,Japan
Malcolm,Leo,United States
Brett,Leonard,United Kingdom
Giacomo,Lesina,Taiwan
Richard,Lester,Japan
Sheldon,Lettich,South Korea
Joseph,Levine,United States
Shawn,Levy,United States
Clare,Lewins,Mexico
Jerry,Lewis,United States
Max,Leckowicz,India
Katia,Lewkowicz,Japan
Paul,Leyden,United States
Luis,Libran,United States
Robert,Lieberman,United States
Harvey,Lilley,India
Kevin,Lima,Uruguay
Frank,Lin,Italy
Justin,Lins,United States
carl,lindbergh,China
Shawn,Linden,United States
Scott,Linder,India
Roger,Lindley,United States
Eleanore,Lindo,United States
David,Ling,Czech Republic
Timothy,Linh,United States
Richard,Linklater,India
John,Lionel,United States
Pamela,Littky,India
Ryan,Little,United States
Miguel,Llans,United States
Frank,Lloyd,India
Phyllida,Loyd,United States
Viknish,Lokarag,Australia
Kenneth,Lonergan,United States
Matthew,Longfellow,India
Frank,Longo,China
Kamala,Lopez,India
Pedring,Lopeze,United States
Anton,Lorenze,Spain
Todd,Louiso,United States
Jesse,Low,Spain
Jay,Lowi,Japan
Dick,Lowry,Japan
Philippa,Lowthorpe,China
Chuan,Lu,Japan
Arthur,Lubin,United States
Thomas,Lucas,United States
Sidney,Lumet,Indonesia
Gary,Lundgren,United States
Ida,Lupino,India
Ladj,LY,India
Corey,Lyle,United Kingdom
Richard,Lynas,United States
Joe,Lynch,Australia
Shola,Linch,United States
Edwin,Lynche,Italy
B,Lynderen ,United Arab Emirates
Darren,Lynn,United States
Edward,Lynnder,United States
Sue,Lyon,United States
Jamison,Maze,United Kingdom
Ashvin,Mazar,Canada
Robert,Maple,India
Gobi,Muri,Austria
Dick,Maas,Taiwan
Prince,Mabutu,South Korea
Sam,Macaroni,United Kingdom
Dan,Macarthur,Australia
Hamilton,MacFadden,Egypt
Hugo,MacGregor,United Kingdom
Tony,Machi,India
Bayer,Mack,Pakistan
David,Mackay,United States
Paul,Macken,United States
Randall,Maclowry,India
PaulRazvan,Macovei,United States
Henderson,Maddox,Philippines
Hemant,Madhukar,United States
Peter,Magat,Singapore
Patrick,Magee,France
John,Maggio,India
Jake,Mahaffy,United States
Les,Mahoney,Japan
Steve,Majaury,France
Paul,Major,Canada
Tarun,Majumder,Spain
Punit,Malhotra,Brazil
Susan,Maljan,Malaysia
Shabbir,Mallick,United States
Emmett,Malloy,India
Justin,Malone,United States
Natalia,Malykhina,United States
David,Mamet,United States
Mimmo,Mancini,United States
Franck,Mancuso,United States
Anthony,Mandler,India
Louis,Mandylor,United Kingdom
Atul,Manjrekar,India
Scott,Mann,United States
Max,Mannix,United States
Anuraj,Manohar,South Korea
Abhiram,Mantry,Taiwan
Josep,Maraa,United States
Francisco,Marcano,France
Alex,Marengo,South Korea
Lisa,Marie,United States
Frank,Marino,Japan
Adam,Marinos,India
James,Mark,India
James,Marquand,United States
Charles,Marquis,United Kingdom
Lala,Marrakchi,Germany
Rand,Marsh,United Kingdom
Mike,Marshalls,Mexico
George,Marshall,United States
Joshua,Marston,United States
Brad,Martin,United Kingdom
Derick,Martini,India
Jaret,Martino,India
AJ,Martinson,India
Juan,Mas,Turkey
Vincent,Masciale,India
David,Mason,Poland
Adam,Massey,Japan
Edward,Masson,United States
Nico,Mastorakis,United States
Anna,Mastro,India
Kji,Masunari,United States
Dean,Matthew,Netherlands
John,Matthews,Philippines
Antoine,Matuttis,United Kingdom
Evelyn,Maude,United States
Benjamin,May,United States
Michael,Mayer,India
Archie,Mayo,United States
Melanie,Mayron,United States
Mary,Mazzio,United States
David,McAbee,Nigeria
Michael,McCaffrey,Turkey
Robert,McCallum,United States
Tom,McComas,Indonesia
Stuart,McDonald,Philippines
Will,McFadden,Spain
Ryan,McGonagle,United States
Michael,McGowan,United Kingdom
Max,McGuire,Cambodia
Michael,McKay,Ghana
John,McKaye,India
Greg,McLean,United States
Don,McLennan,India
Norman,McLeod,India
Terry,McMahon,United States
Kevin,McMullin,United Kingdom
Tony,McNamara,Canada
Lucas,McNelly,United States
Janson,Media,United Kingdom
Prabhakar,Meena,United Kingdom
Stella,Meghie,Germany
Richie,Mehta,Mexico
Johnny,Meier,United States
Roger,Melvin,United States
Christopher,Menaul,Sweden
George,Mendeluk,Canada
Raja,Menona,Spain
Gautham,Menon,Mexico
Joseph,Mensch,United Kingdom
Steven,Menten,United States
Kad,Merad,India
Arthur,Merkulov,India
W,Merle,Indonesia
Steven,Mertens,United Kingdom
Mark,Mertensu,Japan
Alan,Metzger,United States
Jason,Mewes,Indonesia
Jonathan,Meyers,United States
Aaron,Michael,United States
Tom,Middleton,Canada
Takashi,Miike,United States
Jonah,Milles,Mexico
Terry,Miles,United States
Lewis,Milestone,United States
Wes,Miller,France
Travis,Milloy,South Korea
Travis,Mills,United States
Dan,Milner,United States
Chai,Min,United Kingdom
Monty,Miranda,Spain
Kanak,Mishra,France
David,Mitchell,Spain
Damian,Mitchum,United States
PS,Mithran,United Kingdom
Shinpei,Miyashita,Indonesia
John,Moffit,United States
Leonide,Moguy,United States
Venkat,Mohan,United States
Rajesh,Mohanan,Japan
Girish,Mohite,India
James,Moll,United States
Nicolas,Moneuse,United States
Kit,Monkman,United States
Gregory,Monro,United States
Rajesh,Monroe,United States
Adam,Montierth,United States
Scott,Montoya,South Korea
Vin,Moore,United States
Michael,Moores,Sweden
Scott,Moran,Mexico
Tom,Morash,Argentina
Daniel,Moreno,United States
William,Morgan,Denmark
Phil,Morrison,France
Billy,Morrissette,United Kingdom
Terry,Morse,United States
Pete,Mortimer,United Kingdom
Ramaa,Mosley,India
Frank,Mosleya,United States
Craig,Moss,United States
Alejo,MoSun,India
Aakash,Motiani,United States
Malcolm,Mowbray,India
Allan,Moyle,United Kingdom
Gabriele,Muccino,Nigeria
Arabinda,Mukherjee,United States
Srijit,Mukherjeer,Italy
Bauddhayan,Mukherji,Lebanon
Srijit,Mukherjie,United Kingdom
Sreelaja,Mukundakumaran,United States
Russell,Mulcahy,India
Loki,Mulholland,Turkey
Robert,Mullan,United States
Jacob,Mulliken,Japan
Adrian,Munsey,Turkey
Hiro,Murai,Mexico
K,Muralimohana,China
Geoff,Murphy,India
John,Murray,United Kingdom
AR,Murugadoss,United States
Raju,Murugan,United States
Baeble,Music,China
Claudia,Myers,Japan
G,Nageswara,United Kingdom
Ivan,Nagy,United Kingdom
Rodio,Nahapetov,India
Chris,Nahon,United States
Troy,Nai,France
VK,Naik,United States
Tadashi,Nakamura,Australia
Kang,Nam,Taiwan
Gowtham,Namasivayam,Italy
Nick,Nanton,India
Duncan,NapierBell,Australia
Darlene,Naponse,United States
Mahesh,Narayan,Indonesia
Karthick,Naren,Canada
Brandon,Naughton,United States
Pavel,Navageethan,Colombia
MIRACLE,NDUKA,United States
Prashanth,Neel,France
Antonio,Negret,Nigeria
Jean,Negulesco,Egypt
Galt,Neiderhoffer,Canada
Troy,Nellson,France
Trey,Nelson,Philippines
Marilyn,Ness,Canada
T,Nestor,United States
Robert,Nestre,United States
Kurt,Neumann,United States
Sam,Newfield,United States
Kyle,Newman,United States
Todd,Newmans,Japan
Fred,Newmeyer,United States
Roberto,ngel,United States
Nguyen,Nguyen,United States
Robert,Niave,United States
Tracy,Nichole,South Korea
Mike,Nichols,Mexico
Jack,Nicholson,India
Michael,Nickles,Mexico
William,Nigh,United States
Julie,Nimoy,Brazil
Shiva,Nirvana,India
Fuyuhiko,Nishi,United Kingdom
Marcus,Nispel,United States
Abu,Nizam,United States
Michael,Noer,France
Appu,Nook,South Korea
Kelly,Noonan,United States
Jeremy,Norrie,Egypt
Robert,North,Germany
Bill,Norton,United States
Brian,Nowak,United States
John,Nowder,United States
Phillip,Noyce,United States
Zee,Ntuli,United States
Trevor,Nunn,Canada
Johannes,Nyholm,United States
Felix,O' Brien,United States
Beno,Obano,United States
Mark,Obenhaus,India
Peter,OBrian,Argentina
Tom,OBrien,South Korea
Felix,O'Dwyer,India
US,Office,France
David,Ogden,United States
Jim,OHanlon,United Kingdom
Mitja,Okorn,India
Manfred,Oldenburg,France
Fred,Olen,United States
Christopher,Olens,United Kingdom
Dave,OLeske,Israel
Ron,Oliver,India
Pablo,Olmos,India
William,Olsen,United States
Matthew,Omar,United States
Samuel,Omole,Singapore
Mathieu,Orcel,South Korea
Wayne,Orr,Brazil
Gabriela,Ortega,Pakistan
Mark,Osborne,United States
Emmanuel,OseiKuffour,Canada
Louise,Osmond,Japan
Shane,OSullivan,India
Michal,Otlowski,Canada
Kevan,Otto,India
Martin,Owen,China
Russell,Owens,United States
Gary,Owent,India
Ferzan,Ozpetek,Argentina
Titus,Paar,Mexico
Farida,Pacha,New Zealand
Jordan,Pacheco,Canada
Michael,Pack,South Korea
Kevin,Padden,United States
Ryan,Page,South Korea
Ara,Paiaya,Egypt
Vamshi,Paidipally,India
Rob,Pallatina,United States
Diane,Paloma,India
Vishal,Pandya,India
Nir,Paniry,India
Munni,Pankaj,Turkey
Bharath,Parepally,United States
Vanessa,Parise,Indonesia
Anthony,Parisi,Germany
Alan,Parker,United Kingdom
Michael,Parkhurst,Poland
Richard,Parry,Japan
J,Parthiban,United States
Ivan,Passer,United Kingdom
Alex,Pastor,Turkey
Saandeep,Patel,France
Sagar,Pathak,United States
Ashok,Pati,United States
Sean,Patrick,United States
Pasha,Patriki,United States
Jean,Paulai,India
Justin,Paul,Norway
George,Pavlou,South Korea
Pawel,Pawlikowski,United Kingdom
Glenn,Payne,United States
Marc,Payton,South Africa
Richard,Pearce,United States
Corey,Pearson,Australia
Sam,Peckinpah,India
Vijay,Peddakotla,India
Andr,Pellenz,United States
Avinash,Pendurti,India
Arthur,Penn,United States
Stacy,Peralta,United States
Vadim,Perelman,United States
Jadzia,Perez,United States
Jack,Pereze,Argentina
Ed,Perkins,United States
Michael,Perlin,Philippines
Josh,Perrault,Israel
Kristin,Peterson,United States
Vikram,Phadnis,United Kingdom
Ryan,Phillippe,United Kingdom
Danny,Phillips,United States
Rex,Piano,Turkey
Cheyenne,Picardo,United States
JeanMarc,Pichac,United States
Irving,Pichel,United States
Simon,Pike,United States
Sachin,Pilgaonkar,Singapore
Sam,Pillsbury,India
Wang,Ping,Colombia
Brett,Piper,France
Alex,Pires,United Kingdom
Jeremy,Podeswa,United States
Jim,Podhoretz,Australia
Jeremy,Podlog,United States
Amos,Poe,Spain
Santhosh,Polak,United States
Stephen,Poliakoff,United States
Ryan,Polito,United States
Mark,Polonia,United States
George,Pompell,India
Joe,Pontecorvo,India
Samruddhi,Porey,India
Sergi,Portabella,United States
Nick,Powell,India
Arun,Prabu,Australia
Jayesh,Pradhan,United States
Sanket,Prakash,United States
Bhanu,Pratap,India
Eurika,Pratts,United States
Otto,Preminger,United States
Gaylene,Preston,United States
Jon,Primo,Canada
LeRoy,Prinz,India
David,Pritchard,United States
G,Pritchet,India
Robin,Pront,France
Eric,Ptah,Colombia
Luis,Puenzo,Germany
Chris,Purchase,Egypt
Gopi,Puthran,India
Tom,Putnam,Canada
Albert,Pyun,Thailand
Zu,Quirke,United Kingdom
Eric,Quizon,Poland
Christopher,Rig,China
Craig,Ritz,Germany
Steve,Race,Zimbabwe
Josh,Radnor,France
Jill,Rae,Spain
Hanu,Raghavapudi,United States
Madoka,Raine,United States
Bikash,Raj,Egypt
Pravin,Raja,Netherlands
Srinivasa,Raju,United Kingdom
Satish,Rajwade,India
Alvin,Rakoff,India
D,Rama,United States
Frederic,Ramade,United States
Murali,Ramaswamy,United States
G,Ramesh,United States
Robert,Ramirez,United States
Joseph,Ramos,United States
Alfredo,Ramoss,Indonesia
Tor,Ramsey,United States
Ritesh,Rana,United States
Adam,Randall,United States
Tony,Randel,Indonesia
Anand,Ranga,United States
C,Ranganathan,United States
Pa,Ranjith,United States
Nageshwara,Rao,Mexico
Rob,Rapley,India
Karthik,Rapolu,United Kingdom
JeanPaul,Rappeneau,United States
Irving,Rapper,United States
Jamall,Rashaud,United States
Rama,Rau,United States
PJ,Raval,Spain
Anil,Ravipudi,Netherlands
Rahul,Rawail,United States
Satyajit,Ray,United States
Rehmat,Rayatt,India
David,Raymond,United States
David,Raynr,United States
Paul,Reddish,India
Surrender,Reddy,China
Luther,Reed,Germany
Jeffrey,Reiner,United States
Al,Reinert,Thailand
John,Reinhardt,Uruguay
Irving,Reis,Nigeria
Andrew,Renzi,Japan
Oceanic,Research,Thailand
Dale,Resteghini,South Korea
Christopher,Rey,United States
Ernie,Reyes,United States
Stephen,Reynolds,India
Julia,Rezende,United States
Robert,Rhodin,United States
Kashmiere,Rich,United States
John,Richi,India
Taylor,Richard,United States
Derek,Richards,Canada
Dan,Rickard,Singapore
Rahul,Riji,United States
JP,Riley,Mexico
Maria,Ripoll,Australia
Adam,Ripp,United States
Andre,Ristum,United States
Martin,Ritt,United States
Seymour,Robbie,India
Matthew,Robbins,Canada
J,Robert,United States
Justin,Roberts,United Kingdom
Gillian,Robespierre,United States
Mark,Robson,India
Daniel,Roby,United Kingdom
Dominique,Rocher,Germany
Ken,Rodgers,China
Hacctor,Rodraguez,India
Manny,Rodriguez,Netherlands
Elizabeth,Rohrbaugh,United States
Fro,Rojas,United States
Wells,Root,Hong Kong
Joy,Rosalyn,United States
Phil,Rosan,United States
Terrence,Rosemore,India
Phil,Rosen,France
Jacob,Rosenberg,United States
Craig,Ross,United States
Hannes,Rossacher,Philippines
Michael,Rossi,Japan
Bobby,Roth,United States
Adam,Rothlein,Philippines
Tamara,Rothschild,Singapore
Richard,Roy,Colombia
Johnny,Royal,United States
Swaroop,RSJ,United States
Joseph,Ruben,Japan
Dick,Rude,Canada
Dr,Rudolf,Australia
Simon,Rumley,United States
Josef,Rusnak,South Korea
Mauro,Russo,India
Dre,Ryan,Colombia
Stphane,Rybojad,United States
Jon,Sadim,United States
Ramana,Sade,United States
J,Sabarish,India
Josh,Sabey,India
Aravind,Sadi,United Kingdom
Pavan,Sadineni,Iceland
Swapan,Saha,United States
Gene,Saks,United States
Galina,Salgarelli,Sweden
Jason,Saltiel,Canada
Neshu,Saluja,United Kingdom
Anasuya,Samanta,India
Raghu,Samarth,United States
Wilfred,Samson,Turkey
Balaji,Sanala,India
Joshua,Sanchez,India
Sharrath,Sandith,United States
Daniel,Sandu,United States
Han,Sangho,United States
D,Sankaraiyaa,Australia
Alfred,Santell,Canada
Geo,Santini,China
RK,Santosh,United States
Karthik,Saragur,United Kingdom
Pankaj,Saraswat,France
Deepak,Sareen,United States
Shamim,Sarif,India
Vic,Sarin,United States
Pradeep,Sarkar,United States
Jatin,Satish,Venezuela
Marjane,Satrapi,United States
Carlos,Saura,Japan
Etienne,Sauret,Japan
Mark,Savage,United States
Alan,Scales,India
Jurgen,Schadeberg,India
Ties,Schenk,Hong Kong
Lone,Scherfig,Norway
Victor,Schertzinger,South Korea
Adam,Schindler,United States
Rich,Schlansker,United States
Jillian,Schlesinger,United States
Peter,Schnall,Egypt
Rob,Schneider,Philippines
Harold,Schuster,Sweden
Eric,Schwartz,United States
Ridley,Scott,United States
Aubrey,Scotto,Canada
James,Seale,China
Nick,Searcy,United States
Chris,Seaver,United States
Harry,Seere,India
Shawn,Seet,Turkey
Sean,Segal,India
Cosmo,Segurson,India
Susan,Seidelman,India
Steve,Sekely,Italy
Chandra,Sekhar,Canada
Lesley,Selander,Canada
Ari,Selinger,United States
Philip,Selkirk,United States
Kathi,Selvakumar,Australia
K,Selvaraghavan,India
Mari,Selvaraj,Taiwan
David,Semel,Spain
Sean,Semore,India
Raja,Sen,United States
Konkona,Sensharma,Pakistan
Romain,Serir,United States
Christian,Sesma,United States
Fulvio,Sestito,Argentina
Gaurav,Seth,United States
Manav,Shahar,Uruguay
Kundan,Sharh,United Kingdom
Neville,Shah,United States
Soham,Shash,Germany
Naranippuzha,Shanavas,United States
Aleksey,Shaparev,Turkey
Anita,Sharmas,United States
Maneesh,Sharma,India
Don,Sharp,Indonesia
Michael,Shaun,India
Jimmy,Shaw,Philippines
Amy,Shein,Mexico
Gary,Sherman,Egypt
Roger,Shermans,United States
Iris,Shim,Mauritius
Stephen,Shimek,China
Lindsay,Shonteff,United States
Lynn,Shores,Turkey
Saurabh,Shrivastava,United States
Elizabeth,Shryer,United States
Shivang,Shukla,India
Umesh,Shuklak,India
Kevin,Shulman,United States
Manuel,Sicilia,United States
Scott,Sid,United States
George,Sidney,United States
Don,Siegel,Egypt
Sarah,SiegelMagness,Japan
James,Signorelli,India
Gabriel,Silverman,United States
Jonathan,Silvers,United States
Rob,Silvestri,Indonesia
Anthony,Simmonson,Nigeria
Brett,Simmons,United States
Chris,Simoes,United States
Michael,Simon,Turkey
Nigel,Simpkiss,South Africa
Super,Simple,Japan
Billy,Simpson,United States
Jeremy,Sims,United States
Jonathan,SingerVine,India
Simerjit,Singh,India
David,Sington,United Kingdom
Ruhkiya,Sinter,Indonesia
Jeremiah,Sinters,United States
Sunhil,Sippy,United States
Shoojit,Sircar,United States
Vikram,Sirikonda,United States
David,Slade,Uruguay
Kelley,Slagle,Japan
Helen,Slinger,United States
Ramon,Sloan,Japan
Leslie,Small,India
Kamal,Smith,Nigeria
Christian,Smooth,France
Thomas,Smugala,Brazil
Zack,Snyder,United States
Jonathan,Sobol,United States
Anna,Sofaer,Spain
Stanislav,Sokolov,United States
Peter,Sollett,Philippines
Joey,Soloway,South Korea
Myles,Sorensen,South Korea
Joel,Souza,Philippines
C,Spacek,Egypt
Christopher,Spencer,Canada
Don,Sperling,Philippines
Steven,Spiel,United States
Tyler,Spindel,United States
Jill,Sprecher,Philippines
Morgan,Spurlock,Russia
Chantelle,Squires,Brazil
MD,Sridhar,Spain
Venu,Sriram,United States
Rahul,Srivastava,Taiwan
Nic,Stacey,India
Sean,Stanek,Mexico
Shane,Stanley,United States
Albert,Stanton,Japan
Ben,Stassen,United States
Malcolm,Statern,Philippines
Richard,Staviarsky,Japan
Jens,Stberg,United States
Kriv,Stenders,United States
Oleg,Stepchenko,United States
R,Stephen,United States
John,Stephenson,India
David,Stern,South Korea
Leslie,Stevens,United Kingdom
Robert,Stevenson,United States
Whit,Stillman,France
MARK,STOLZENBERG,United States
Jordan,Stone,United States
Michael,Storey,United States
David,Stoten,Israel
Tom,Stout,United States
Iginio,Straffi,South Korea
Ralph,Straub,Sweden
Grayson,Stroud,India
Barry,Strugatz,United States
USP,Studios,Indonesia
John,Sturges,United States
Bheemagani,Sudhakar,Bulgaria
Tarun,Sudhir,India
John,Suits,South Korea
Prithviraj,Sukumaran,Turkey
Jon,Sumple,United States
R,Sundarrajan,Germany
Kim,Sungho,France
Anubhav,Sushila,United States
Edward,Sutherland,United States
Michael,Switzer,India
Craig,Syracusa,United States
Antony,Szeto,United States
Piotr,Szkopiak,United States
Steven,Tail,United Kingdom
Brandyn,Troys,United States
John,Trainor,Canada
Tibor,Takcs,Canada
Joe,Talbot,United States
Misty,Talley,United States
Lee,Tamahori,Germany
Yen,Tan,United States
Shigeo,Tanaka,Italy
Lekh,Tandon,China
Richard,Tanne,United Kingdom
Ryuta,Tasaki,United States
Norman,Taurog,United States
Bertrand,Tavernier,United States
Ray,Taylor,Taiwan
Casey,Tebo,Canada
Jeremy,Teicher,United States
Kevin,Tenney,Japan
Karlton,Tenysin,United States
Duccio,Tessari,United States
Pororo,Thes,United Kingdom
Graham,Theakston,Nigeria
Jayson,Thiessen,United States
VIPUL,THIRUVAIPATI,Brazil
Karen,Thomas,Ireland
Bradford,Thomason,United States
Harry,Thomasson,Belgium
Steven,Thomass,India
Maury,Thompson,United States
Andrea,Thornton,Spain
Blaine,Thurier,Japan
Steven,Tibolt,Canada
KB,Tilak,Chile
Eric,Till,Belgium
Ant,Timpson,Colombia
Derek,Ting,United Kingdom
Test,title,United States
Shailesh,Tiwari,United States
Tyrone,TIZAK,South Korea
Johnnie,To,United States
Dan,Tondowski,United Kingdom
Steven,Topper,Malaysia
Niyi,Towolawi,India
Robert,Trachtenberg,Chile
Steven,Treen,United States
Brian,TrenchardSmith,United States
Ashu,Trikha,India
Harold,Trompetero,United States
Micah,Troy,United States
Keith,Truesdell,United Kingdom
Christian,Trumble,France
Hark,Tsui,Nigeria
Slava,Tsukerman,Austria
Liz,Tuccillo,United States
Anand,Tucker,Italy
Wei,Tung,United Kingdom
Mathieu,Turi,India
Kimberley,Turk,Japan
Jeff,Turner,Canada
Alex,Turners,India
Thadd,Turnerk,India
Mora,TV,United States
Steven,Tyler,Sweden
Callie,Tyson,United States
Rajeswari,Udayagiri,United States
Rebecca,Ugo,United States
Sven,Unterwaldt,Spain
Aniruddha,Upadhyay,Egypt
John,Upchurch,United States
Rocco,Urbisci,Pakistan
Roar,Uthaug,Brazil
Andrew,Vu,India
K,V,Hong Kong
Amit,Vader,United States
Tonino,Valerii,United States
Andrew,Vallison,United States
Arthur,Vander,United Kingdom
Tommy,Vance,United States
Mahi,Vandro,United Kingdom
Arthur,vane,United States
Nicolas,Vanier,United States
Mahi,Vardry,Japan
Saro,Varjabedian,United States
Ravi,Varmas,United States
Ajoy,Varma,United Kingdom
Siddharth,Vasani,India
Renzo,Vasquez,United States
Andrew,Vasser,United Kingdom
Vimal,Vasthav,United States
P,Vasu,United States
Manish,Vatsalya,United States
Tom,Vaughan,India
Charlie,Vaughn,Canada
K,Veerakumar,Germany
C,Vengar,United States
Nelson,Venkatesan,United States
Srinivasan,Venkatesh,United States
Peter,Venn,United States
Santiago,Ventura,India
Clent,VerdiRose,Norway
Arunkanth,Verjeep,United States
Rowland,Vice,United States
William,Victor,United States
Tony,Vidal,United States
Charles,Vidor,Brazil
Dinesh,Vijan,India
Aditya,Vikram,Australia
Matt,Villines,Denmark
Rowland,Vince,France
Chuck,Vinson,Italy
Andrew,Vish,United Kingdom
Cathy,Visorr,United States
Brian,VolkWeiss,Brazil
Mark,von,United States
Bernard,Vorham,United States
Bernard,Vorhaus,Australia
Arunkanth,Vostere,United States
Ken,Vouse,United States
Andr,vredal,Germany
Harish,Vyas,United States
Stewart,Wade,Indonesia
Prerna,Wadhawan,Chile
George,Waggner,United Kingdom
Swapna,Waghmare,Taiwan
Albert,Wainwright,United Kingdom
Chris,Wale,United States
Rob,Walker,United States
Hal,Walkers,Egypt
David,Wall,United Kingdom
Andrew,Waller,India
Aisling,Walsh,Ireland
Charles,Walters,Ireland
Jeremy,Waltman,Germany
Tommy,Walton,Turkey
Fred,Waltons,United States
Gary,Wang,Spain
Matthew,Warchus,Mexico
Pi,Ware,Mexico
Andr,Warwar,United States
Drew,Waters,United States
Jeremiah,Watkins,India
Harry,Watt,United States
Keoni,Waxman,Brazil
Derek,Wayne,United States
Elliot,Weaver,United States
Lewin,Webb,France
Josh,Webber,United States
Spencer,Weber,United States
Lo,Wei,India
Deng,Weifeng,Canada
Paul,Weiland,United States
Peter,Weir,India
Sam,Weisman,United Kingdom
Nick,Weiss,India
Glenn,Weissman,United Kingdom
Martin,Weisz,Taiwan
Larry,Weitzman,Japan
Patrick,Wells,Spain
David,Wendell,France
Lina,WertmaĽller,Canada
Lina,Wertmller,Canada
Roland,West,Singapore
Raoul,Wester,United Kingdom
James,Westery,United States
Eric,Weston,United States
Mary,Wharton,India
Silk,White,Bulgaria
Mat,Whitecross,Japan
Walker,Whited,South Korea
Matthew,Whiteman,Australia
James,Whittaker,France
Jonathan,Wick,Thailand
Christopher,Wiggins,United States
Billy,Wilder,Hong Kong
Gavin,Wilding,United States
Christie,Will,India
Nathan,Willard,United States
Roy,William,United States
Tucky,Williams,Colombia
Jim,Wilmer,India
Steve,Wilson,United States
Dane,Wilsons,India
Sharecare,Windows,India
Harry,Winer,Spain
Charles,Winkler,United States
David,Winning,United States
Danielle,Winter,Saudi Arabia
Jason,Wise,United States
Carol,Wiseman,India
William,Witney,United States
Marcel,Wohlfahrt,South Korea
Fred,Wolf,India
Matthew,Wolfe,India
Jason,Woliner,United States
Andy,Wolk,United States
Dan,Wolman,United Kingdom
Tim,Wolochatiuk,United Kingdom
Jing,Wong,India
Sam,Wood,Spain
McKenzie,Woodward,Nigeria
Timothy,Woodwards,United States
Rachel,Wortell,South Korea
Alexander,Wraith,Nigeria
Jason,Wright,United States
William,Wyler,United States
Jim,Wynorski,United States
Mario,Xavier,Thailand
Zheng,Xu,Taiwan
Assaad,Yacoub,India
Minoru,Yamada,United Kingdom
Jean,Yarbrough,United States
Ibrahim,Yilla,Brazil
Roger,Young,India
Harold,Youngs,Belgium
Park,Youngju,India
Steve,Yu,Ireland
Noriaki,Yuasa,Argentina
Li,Yuhe,United States
James,Yukich,Argentina
David,Yuzuk,United States
John,Zaritsky,United Kingdom
Milap,Zaveri,India
Natty,Zavitz,Canada
Norman,Zeen,United States
Robert,Zemeckis,India
Andrew,Zenn,Japan
Daniel,Ziegler,Brazil
Scott,Ziehl,Taiwan
Fred,Zinnemann,Australia
Daniel,Zirilli,South Korea
Aleksander,Zobec,India
Rob,Zombie,United States
Chris,Zonnas,Cambodia
Norman,Zool,United States
Jonathan,Zuck,United Kingdom
David,Zucker,United States
Olya,Zueva,United States
Milind,Zumber,United States
Valerio,Zurlini,United Kingdom
Jesse,Zwicke,United States
Edward,Zwick,China
