Username,Name,Surname,Password
user1000,Kai,Smith,FT576949F
user1001,Eliana,Johnson,WH245718U
user1002,Jayden,Williams,ST476480R
user1003,Ezra,Brown,FV870829F
user1004,Luca,Jones,WB971086G
user1005,Rowan,Garcia,UF507637V
user1006,Nova,Miller,XY432289P
user1007,Amara,Davis,OQ722187M
user1008,Aaliyah,Rodriguez,CK925533H
user1009,Finn,Martinez,GO909210D
user1010,Zion,Hernandez,AF860061M
user1011,Maeve,Lopez,CC222189X
user1012,Kayden,Gonzales,XW284134W
user1013,Mia,Wilson,NA324029M
user1014,Mila,Anderson,XP771321G
user1015,Aurora,Thomas,FN745229W
user1016,Alina,Taylor,CP892393A
user1017,Remi,Moore,NW593544G
user1018,Amaya,Jackson,RB545653M
user1019,Ari,Martin,BF198443I
user1020,Blake,Lee,SG886282C
user1021,Elliot,Perez,TS940971D
user1022,Ivy,Thompson,RK606183Z
user1023,Quinn,White,ZU623716I
user1024,Leo,Harris,YT700413N
user1025,Arthur,Sanchez,PX918299R
user1026,Rachel,Clark,HZ457431R
user1027,River,Ramirez,AV455019V
user1028,Axel,Lewis,XD667505T
user1029,Aria,Robinson,TW644734H
user1030,Alex,Walker,ZW325564N
user1031,Molly,Young,MM853941Q
user1032,Jude,Allen,SJ897563B
user1033,Elias,King,XX686691L
user1034,Milo,Wright,RS206130Y
user1035,Malachi,Scott,NI420823T
user1036,Charlie,Torres,CK198847H
user1037,Ira,Nguyen,PT362035B
user1038,Atlas,Hill,HK774031H
user1039,Evelyn,Flores,PW594548E
user1040,Rhys,Green,GB204660Y
user1041,Isabella,Adams,YS935560F
user1042,Ariella,Nelson,VG895678A
user1043,Millie,Baker,SP541960K
user1044,Olivia,Hall,MR433698K
user1045,Lyla,Rivera,UW365570M
user1046,Gianna,Campbell,VV417599Q
user1047,Everett,Mitchell,LZ824847D
user1048,Hudson,Carter,HT818102Y
user1049,Sienna,Roberts,LZ348466Q
user1050,Liam,Johnson,JU553030I
user1051,Olivia,Smith,EB859154D
user1052,Noah,Brown,GN129856L
user1053,Emma,Taylor,CC825854N
user1054,Sophia,Anderson,FR569467V
user1055,Oliver,Martinez,MV691035C
user1056,Ava,Wilson,NK584481E
user1057,William,Davis,JQ823038C
user1058,Isabella,Thomas,VU452166U
user1059,Elijah,Rodriguez,MZ419011I
user1060,Mia,Miller,CN948336K
user1061,James,Jackson,FN829193X
user1062,Charlotte,White,WN106880G
user1063,Benjamin,Harris,RN966760B
user1064,Amelia,Martin,FG959041W
user1065,Lucas,Thompson,MM410093R
user1066,Harper,Clark,CY558874Z
user1067,Henry,Lewis,XO824365O
user1068,Evelyn,Turner,YK453797N
user1069,Alexander,Walker,TX993801L
user1070,Abigail,Hall,KB735262J
user1071,Daniel,Hill,MC545564N
user1072,Emily,Adams,PS343843P
user1073,Matthew,Green,RN296439Z
user1074,Elizabeth,Lee,WE832010C
user1075,Michael,King,RG594812Z
user1076,Sofia,Wood,NW702597L
user1077,Samuel,Scott,QG641968U
user1078,Avery,Phillips,JR197139W
user1079,David,Mitchell,CM788726T
user1080,Scarlett,Murphy,GC932127D
user1081,Joseph,Young,PN516237K
user1082,Victoria,Evans,FS225315B
user1083,Carter,Morris,KD965912A
user1084,Grace,Nelson,QB191715E
user1085,Gabriel,Wright,LI664173Q
user1086,Chloe,Rivera,NI772601V
user1087,Julian,Phillips,PH690126F
user1088,Penelope,Reed,LO867362U
user1089,Jackson,Bailey,OK818144S
user1090,Lily,Cooper,TB977951N
user1091,Anthony,Ward,KW856016X
user1092,Ella,Brooks,PX864983D
user1093,Christopher,Price,XX507887V
user1094,Nora,Long,LZ257464K
user1095,Isaac,Foster,DI226520M
user1096,Eleanor,Torres,CH539852L
user1097,Andrew,Flores,AI389208T
user1098,Hannah,Morris,TE604638X
user1099,Joshua,Kelly,BQ939789W
user1100,Stella,Ramirez,EC871793F
user1101,Matthew,Rogers,KH258420A
user1102,Leah,Richardson,QK607534A
user1103,Samuel,Perry,OO978149X
user1104,Hazel,Coleman,LP983971N
user1105,Wyatt,Richardson,JD417386A
user1106,Paisley,Butler,EA397870C
user1107,Jack,Simmons,RT363464I
user1108,Audrey,Coleman,UL256936J
user1109,David,Rivera,GP263156Z
user1110,Skylar,Stewart,WU654006N
user1111,John,Watson,HK273047X
user1112,Violet,Price,XK895172M
user1113,Ryan,Watson,MC393885I
user1114,Savannah,Turner,CP340163E
user1115,Luke,Edwards,YB522049I
user1116,Brooklyn,Baker,OB634877S
user1117,Owen,Ross,NP245013T
user1118,Bella,Stewart,VJ552861H
user1119,Caleb,Brooks,ET168845C
user1120,Claire,Cooper,WV615955U
user1121,Daniel,Parker,DP548871Q
user1122,Ellie,Phillips,GV389788V
user1123,Nathan,Howard,GC945601W
user1124,Naomi,Watson,TF913828V
user1125,Isaac,Cox,FE746757I
user1126,Zoe,Jenkins,OY661567X
user1127,Henry,Mitchell,GZ328555H
user1128,Lucy,Gray,QQ435781I
user1129,Julian,Ward,BT815184H
user1130,Aria,James,ZI590982R
user1131,Samuel,Allen,JM540783G
user1132,Addison,Davis,LL210795I
user1133,Andrew,Adams,BP289994V
user1134,Audrey,Collins,WP782247A
user1135,Christopher,Cox,UA400733M
user1136,Mila,Wright,KW373128B
user1137,Leo,Richardson,FR975417B
user1138,Nora,Reed,NK370452X
user1139,Jonathan,Lewis,DD781415W
user1140,Lily,Hill,KA499386Y
user1141,Landon,Rodriguez,PQ411689N
user1142,Hannah,Rivera,YG568333G
user1143,Christian,Green,KL506057I
user1144,Scarlett,Thompson,HL805743O
user1145,Levi,Butler,SK407912P
user1146,Peyton,Ross,SP611933D
user1147,Joshua,James,LU384847C
user1148,Eva,Wright,DT764930P
user1149,Caleb,Torres,MS571160H
user1150,Liam,Wilson,ZW320422R
user1151,Olivia,Davis,RE183279L
user1152,Noah,Anderson,KD248243G
user1153,Emma,Martinez,WE306949E
user1154,Sophia,Harris,MJ878619L
user1155,Oliver,Martin,IM406989B
user1156,Ava,Thompson,QL336476T
user1157,William,Clark,JJ313468A
user1158,Isabella,Lewis,NT551214I
user1159,Elijah,Turner,HU753342U
user1160,Mia,Walker,FZ543025X
user1161,James,Hall,PX189671Z
user1162,Charlotte,Hill,BR948783I
user1163,Benjamin,Reed,KJ525921H
user1164,Amelia,Long,XY132995J
user1165,Lucas,Foster,FI844164K
user1166,Harper,Torres,UK941865C
user1167,Henry,Flores,JQ167737L
user1168,Evelyn,Morris,CH780057Y
user1169,Alexander,Kelly,LM245175S
user1170,Abigail,Ramirez,DE139398S
user1171,Daniel,Rogers,SF930555U
user1172,Emily,Richardson,LX856101R
user1173,Matthew,Perry,KR543975G
user1174,Elizabeth,Coleman,ZL817510P
user1175,Michael,Wright,GL455324B
user1176,Sofia,Reed,RP340452E
user1177,Samuel,Mitchell,RX799793C
user1178,Avery,Gray,QO122507Q
user1179,David,Ward,WA251150I
user1180,Scarlett,James,IC778435Z
user1181,Joseph,Davis,CD991068R
user1182,Victoria,Collins,WA347695C
user1183,Carter,Cox,YY107961I
user1184,Grace,Wright,ZR501478X
user1185,Gabriel,Allen,KN928699H
user1186,Chloe,Davis,RF266085B
user1187,Julian,Anderson,JG174412Y
user1188,Penelope,Martinez,OF654719J
user1189,Jackson,Thompson,PJ573679S
user1190,Lily,Harris,UN424897I
user1191,Anthony,Martin,NH329534A
user1192,Ella,Turner,XM285204H
user1193,Christopher,Hall,YN757019H
user1194,Nora,Hill,ZK368421F
user1195,Isaac,Rodriguez,AV757775S
user1196,Eleanor,Foster,SV689329X
user1197,Andrew,Torres,XZ896606O
user1198,Hannah,Adams,QR759953Q
user1199,Joshua,Green,VT968752O
user1200,Stella,Lee,SH982593L
user1201,Matthew,King,AR381010E
user1202,Leah,Wood,WZ847781T
user1203,Samuel,Scott,MP597499O
user1204,Hazel,Phillips,BE925030J
user1205,Wyatt,Mitchell,TN454459I
user1206,Paisley,Gray,CH440863R
user1207,Jack,Ward,JD784156L
user1208,Audrey,James,WI949641H
user1209,David,Allen,SC585220W
user1210,Skylar,Davis,PT361586I
user1211,John,Anderson,NX736597O
user1212,Violet,Martinez,IF956987R
user1213,Ryan,Lewis,PZ648925R
user1214,Savannah,Turner,EV380644H
user1215,Luke,Thompson,BG341565J
user1216,Brooklyn,Clark,XM184405Y
user1217,Owen,Lewis,CS717244O
user1218,Bella,Turner,MA672927N
user1219,Caleb,Morris,DV444777N
user1220,Claire,Nelson,RL621924R
user1221,Daniel,Walker,WJ835980X
user1222,Ellie,Hill,LZ804556Y
user1223,Nathan,Rodriguez,QS154000C
user1224,Naomi,Foster,MA742563L
user1225,Isaac,Flores,BC351925I
user1226,Zoe,Morris,UC131013Q
user1227,Henry,Kelly,RS367217J
user1228,Lucy,Ramirez,FW820747V
user1229,Julian,Scott,UU733445D
user1230,Aria,Wood,MF476227O
user1231,Samuel,Phillips,II203637Q
user1232,Addison,Reed,OF617891I
user1233,Andrew,Thompson,EQ152152T
user1234,Audrey,Foster,SV158640R
user1235,Christopher,Torres,IB581565Y
user1236,Mila,Adams,QB554327J
user1237,Leo,Richardson,ZE660498O
user1238,Nora,Martin,EZ329354R
user1239,Jonathan,Martinez,BI696954H
user1240,Lily,Turner,LT444221P
user1241,Landon,Phillips,SX972679N
user1242,Hannah,Gray,IA383360K
user1243,Christian,Wilson,QO653946Z
user1244,Scarlett,Davis,RS253484V
user1245,Levi,Anderson,WN128632S
user1246,Peyton,Martinez,KM174143V
user1247,Joshua,Harris,NZ389561D
user1248,Eva,Hill,DR414447C
user1249,Caleb,Rodriguez,TO106207F
user1250,Liam,Foster,CR432157Y
user1251,Olivia,Torres,AL643951C
user1252,Noah,Morris,BB579730I
user1253,Emma,Kelly,BM118305P
user1254,Sophia,Walker,GT643117I
user1255,Oliver,Turner,VJ979367C
user1256,Ava,Lewis,LT411583X
user1257,William,Thompson,XA290893Z
user1258,Isabella,Clark,OC908274V
user1259,Elijah,Lewis,LG767142D
user1260,Mia,Turner,OB613595K
user1261,James,Nelson,WH351188E
user1262,Charlotte,Ramirez,AJ317680J
user1263,Benjamin,Scott,ON297881W
user1264,Amelia,Phillips,IK483686V
user1265,Lucas,Foster,QM750930C
user1266,Harper,Adams,RH331810J
user1267,Henry,Gray,TG549076B
user1268,Evelyn,Allen,JO148625M
user1269,Alexander,Rodriguez,XM469507U
user1270,Abigail,Foster,JB738769N
user1271,Daniel,Flores,DH105248T
user1272,Emily,Morris,VF659307M
user1273,Matthew,Kelly,WE620477G
user1274,Elizabeth,Thompson,GC178343J
user1275,Michael,Turner,KQ156796E
user1276,Sofia,Nelson,QK425120G
user1277,Samuel,Phillips,LJ715474Q
user1278,Avery,Martinez,EE440099I
user1279,David,Davis,CP832665H
user1280,Scarlett,Anderson,HJ981616U
user1281,Joseph,Morris,LU932183T
user1282,Victoria,Kelly,TL670056I
user1283,Carter,Foster,TJ337526P
user1284,Grace,Torres,QH854701N
user1285,Gabriel,Lewis,KP681108L
user1286,Chloe,Turner,LD328466C
user1287,Julian,Anderson,XW667969L
user1288,Penelope,Martin,OV112341P
user1289,Jackson,Thompson,LG189172J
user1290,Lily,Harris,BS740372D
user1291,Anthony,Martin,UN436153H
user1292,Ella,Turner,AZ551776F
user1293,Christopher,Hall,QE433851T
user1294,Nora,Hill,BB654507S
user1295,Isaac,Rodriguez,CB775168M
user1296,Eleanor,Foster,CO830210I
user1297,Andrew,Torres,LD545569B
user1298,Hannah,Adams,SR997783O
user1299,Joshua,Green,QJ147481P
user1300,Stella,Lee,FJ720974V
user1301,Matthew,King,TY518246T
user1302,Leah,Wood,IA202908K
user1303,Samuel,Scott,IR983376H
user1304,Hazel,Phillips,VP360379J
user1305,Wyatt,Mitchell,TU752368K
user1306,Paisley,Gray,ON455941C
user1307,Jack,Ward,QU208038F
user1308,Audrey,James,WH311480B
user1309,David,Allen,UB629083R
user1310,Skylar,Davis,GX225729T
user1311,John,Anderson,HK443033J
user1312,Violet,Martinez,XT405395B
user1313,Ryan,Lewis,GJ983179P
user1314,Savannah,Turner,JP427487T
user1315,Luke,Thompson,DY788171G
user1316,Brooklyn,Clark,HY867820S
user1317,Owen,Lewis,EA233295R
user1318,Bella,Turner,QH621141N
user1319,Caleb,Morris,QE514594K
user1320,Claire,Nelson,TU151787L
user1321,Daniel,Walker,GT423540K
user1322,Ellie,Hill,LI256500Y
user1323,Nathan,Rodriguez,OW158090C
user1324,Naomi,Foster,AM961950I
user1325,Isaac,Flores,RB958925E
user1326,Zoe,Morris,WT540844O
user1327,Henry,Kelly,PN760113X
user1328,Lucy,Ramirez,ME525670L
user1329,Julian,Scott,JE130241K
user1330,Aria,Wood,UP992815Q
user1331,Samuel,Phillips,AZ911875T
user1332,Addison,Reed,MO541001K
user1333,Andrew,Thompson,ZQ565578C
user1334,Audrey,Foster,XP358815T
user1335,Christopher,Torres,KV258284R
user1336,Mila,Adams,RC468445R
user1337,Leo,Richardson,RD412154O
user1338,Nora,Martin,KU878665W
user1339,Jonathan,Martinez,NY136172U
user1340,Lily,Turner,KL290220X
user1341,Landon,Phillips,TZ245006K
user1342,Hannah,Gray,BS517376D
user1343,Christian,Wilson,YZ217692N
user1344,Scarlett,Davis,SM831341S
user1345,Levi,Anderson,ZU692867C
user1346,Peyton,Martinez,ZU474563K
user1347,Joshua,Harris,LQ676337E
user1348,Eva,Hill,BR362459H
user1349,Caleb,Rodriguez,XK882928R
user1350,Liam,Foster,RY968723R
user1351,Olivia,Torres,NM987997T
user1352,Noah,Morris,LM759219P
user1353,Emma,Kelly,XU906665E
user1354,Sophia,Walker,YH942366J
user1355,Oliver,Turner,NR744359W
user1356,Ava,Lewis,KE230194I
user1357,William,Thompson,JX801427M
user1358,Isabella,Clark,EU954832W
user1359,Elijah,Lewis,VQ591694J
user1360,Mia,Turner,QD101074V
user1361,James,Nelson,SK718490W
user1362,Charlotte,Ramirez,QS131647L
user1363,Benjamin,Scott,OE204613J
user1364,Amelia,Phillips,RT208381O
user1365,Lucas,Foster,JS600496Z
user1366,Harper,Adams,NV456984E
user1367,Henry,Gray,IA930752J
user1368,Evelyn,Allen,VB606004A
user1369,Alexander,Rodriguez,SU466821V
user1370,Abigail,Foster,BN545046X
user1371,Daniel,Flores,NQ439079G
user1372,Emily,Morris,YP510480F
user1373,Matthew,Kelly,QP865228N
user1374,Elizabeth,Thompson,YS561511T
user1375,Michael,Turner,ZB118918R
user1376,Sofia,Nelson,VW737369R
user1377,Samuel,Phillips,OY993973G
user1378,Avery,Martinez,LE905535X
user1379,David,Davis,XD379131B
user1380,Scarlett,Anderson,ZS208364S
user1381,Joseph,Morris,UL364200R
user1382,Victoria,Kelly,RM902532T
user1383,Carter,Foster,PS645138Y
user1384,Grace,Torres,QP115884Q
user1385,Gabriel,Lewis,ZE484000W
user1386,Chloe,Turner,ED240768O
user1387,Julian,Anderson,WS255789R
user1388,Penelope,Martin,PL162220U
user1389,Jackson,Thompson,AY670767I
user1390,Lily,Harris,SN961155N
user1391,Anthony,Martin,SI869929S
user1392,Ella,Turner,JV745741Y
user1393,Christopher,Hall,RJ478314W
user1394,Nora,Hill,CK449457D
user1395,Isaac,Rodriguez,GI212731V
user1396,Eleanor,Foster,PX430425U
user1397,Andrew,Torres,RQ329831I
user1398,Hannah,Adams,NY201757O
user1399,Joshua,Green,IG546833F
user1400,Stella,Lee,BY877094E
user1401,Matthew,King,NA573798R
user1402,Leah,Wood,AD446431K
user1403,Samuel,Scott,SH731463K
user1404,Hazel,Phillips,CV963189Z
user1405,Wyatt,Mitchell,PY215818N
user1406,Paisley,Gray,JK376336S
user1407,Jack,Ward,XY727801Y
user1408,Audrey,James,BI405693T
user1409,David,Allen,YQ815674C
user1410,Skylar,Davis,SL905711B
user1411,John,Anderson,SO860425U
user1412,Violet,Martinez,PZ476499L
user1413,Ryan,Lewis,BO207426R
user1414,Savannah,Turner,OX424010D
user1415,Luke,Thompson,FF297693T
user1416,Brooklyn,Clark,FJ799536X
user1417,Owen,Lewis,YK478435I
user1418,Bella,Turner,RA440799F
user1419,Caleb,Morris,AY903865W
user1420,Claire,Nelson,MR461353G
user1421,Daniel,Walker,DZ379254V
user1422,Ellie,Hill,GO907744P
user1423,Nathan,Rodriguez,JD759982L
user1424,Naomi,Foster,HK912675N
user1425,Isaac,Flores,TU591863O
user1426,Zoe,Morris,JN797895N
user1427,Henry,Kelly,FK832974E
user1428,Lucy,Ramirez,LB519983I
user1429,Julian,Scott,ND857616F
user1430,Aria,Wood,KD399524Q
user1431,Samuel,Phillips,BQ889318X
user1432,Addison,Reed,UF875508N
user1433,Andrew,Thompson,WI491202Y
user1434,Audrey,Foster,WA409793S
user1435,Christopher,Torres,IH716602F
user1436,Mila,Adams,ZA430022P
user1437,Leo,Richardson,KA944895L
user1438,Nora,Martin,FN481224T
user1439,Jonathan,Martinez,EH588268C
user1440,Lily,Turner,MI235280K
user1441,Landon,Phillips,MC440538K
user1442,Hannah,Gray,LT289563M
user1443,Christian,Wilson,AW884313B
user1444,Scarlett,Davis,PE789137D
user1445,Levi,Anderson,RR991890K
user1446,Peyton,Martinez,LS683675T
user1447,Joshua,Harris,PR365752N
user1448,Eva,Hill,QZ335044Q
user1449,Caleb,Rodriguez,QE636807H
user1450,Liam,Foster,BT413219L
user1451,Olivia,Torres,PQ829430X
user1452,Noah,Morris,LT379072X
user1453,Emma,Kelly,GZ739187I
user1454,Sophia,Walker,MU892920F
user1455,Oliver,Turner,EK444568M
user1456,Ava,Lewis,GF977241Z
user1457,William,Thompson,EL457372R
user1458,Isabella,Clark,LB848517J
user1459,Elijah,Lewis,UT826933S
user1460,Mia,Turner,FU211203S
user1461,James,Nelson,MY306808B
user1462,Charlotte,Ramirez,CK988340K
user1463,Benjamin,Scott,MP459487Y
user1464,Amelia,Phillips,LJ679938S
user1465,Lucas,Foster,XL683140R
user1466,Harper,Adams,TC469073A
user1467,Henry,Gray,TO466670H
user1468,Evelyn,Allen,JT473478X
user1469,Alexander,Rodriguez,RY469600Z
user1470,Abigail,Foster,NX156403N
user1471,Daniel,Flores,NE997602U
user1472,Emily,Morris,TJ930400Y
user1473,Matthew,Kelly,ZE320334J
user1474,Elizabeth,Thompson,NO849447F
user1475,Michael,Turner,EA255665S
user1476,Sofia,Nelson,DP729348E
user1477,Samuel,Phillips,YH807685J
user1478,Avery,Martinez,VK199388U
user1479,David,Davis,BA591188B
user1480,Scarlett,Anderson,YW483052K
user1481,Joseph,Morris,KV634915O
user1482,Victoria,Kelly,DA843459P
user1483,Carter,Foster,UO599484T
user1484,Grace,Torres,HR909743F
user1485,Gabriel,Lewis,PX776018L
user1486,Chloe,Turner,HT472143H
user1487,Julian,Anderson,ZZ792125C
user1488,Penelope,Martin,KY735708B
user1489,Jackson,Thompson,IE132165Z
user1490,Lily,Harris,HB105095Q
user1491,Anthony,Martin,KT271891C
user1492,Ella,Turner,OW925794Y
user1493,Christopher,Hall,HA367536O
user1494,Nora,Hill,AP708219Z
user1495,Isaac,Rodriguez,KX160211A
user1496,Eleanor,Foster,XH920530S
user1497,Andrew,Torres,GY854916A
user1498,Hannah,Adams,QR860935E
user1499,Joshua,Green,GI640806N
user1500,Stella,Lee,WP142953S
user1501,Matthew,King,AO453668R
user1502,Leah,Wood,RV245466L
user1503,Samuel,Scott,AF380390L
user1504,Hazel,Phillips,WH450041X
user1505,Wyatt,Mitchell,RG486681I
user1506,Paisley,Gray,FI375104R
user1507,Jack,Ward,JI633971E
user1508,Audrey,James,FZ988291N
user1509,David,Allen,HU830640W
user1510,Skylar,Davis,OC825205T
user1511,John,Anderson,SR938777J
user1512,Violet,Martinez,GD158979G
user1513,Ryan,Lewis,SN659142T
user1514,Savannah,Turner,QN695999U
user1515,Luke,Thompson,JP392572L
user1516,Brooklyn,Clark,FZ259722I
user1517,Owen,Lewis,MY587800I
user1518,Bella,Turner,MM416419A
user1519,Caleb,Morris,HJ510502H
user1520,Claire,Nelson,KD454739S
user1521,Daniel,Walker,OD477109M
user1522,Ellie,Hill,BH743814X
user1523,Nathan,Rodriguez,MP355717E
user1524,Naomi,Foster,IA600842J
user1525,Isaac,Flores,SX483125N
user1526,Zoe,Morris,KE224043X
user1527,Henry,Kelly,DD485275O
user1528,Lucy,Ramirez,ZY445497Y
user1529,Julian,Scott,OR390544F
user1530,Aria,Wood,DE897897S
user1531,Samuel,Phillips,XN522918Q
user1532,Addison,Reed,MU993799D
user1533,Andrew,Thompson,OX136981I
user1534,Audrey,Foster,RV959685E
user1535,Christopher,Torres,EU483534L
user1536,Mila,Adams,GP433310G
user1537,Leo,Richardson,CQ217511I
user1538,Nora,Martin,CS872211J
user1539,Jonathan,Martinez,CM395232V
user1540,Lily,Turner,YU530525W
user1541,Landon,Phillips,HE857688M
user1542,Hannah,Gray,OA411931N
user1543,Christian,Wilson,KT237394B
user1544,Scarlett,Davis,CD668040T
user1545,Levi,Anderson,RF394331G
user1546,Peyton,Martinez,UB636290Y
user1547,Joshua,Harris,ID933749G
user1548,Eva,Hill,RP529921D
user1549,Caleb,Rodriguez,FN232227S
user1550,Liam,Foster,MX416878G
user1551,Olivia,Torres,SU397389Q
user1552,Noah,Morris,MQ858601F
user1553,Emma,Kelly,CJ373859P
user1554,Sophia,Walker,KT510215C
user1555,Oliver,Turner,LU763045Q
user1556,Ava,Lewis,CP862582P
user1557,William,Thompson,UE427045T
user1558,Isabella,Clark,SR110472R
user1559,Elijah,Lewis,IK746216E
user1560,Mia,Turner,MO450883O
user1561,James,Nelson,AU489321F
user1562,Charlotte,Ramirez,PA368168X
user1563,Benjamin,Scott,WN270182F
user1564,Amelia,Phillips,GQ894607E
user1565,Lucas,Foster,PS948312V
user1566,Harper,Adams,QB172212P
user1567,Henry,Gray,MF910568P
user1568,Evelyn,Allen,IT143551O
user1569,Alexander,Rodriguez,KA296533X
user1570,Abigail,Foster,TI286464V
user1571,Daniel,Flores,KI689188I
user1572,Emily,Morris,GQ759905L
user1573,Matthew,Kelly,UG861845S
user1574,Elizabeth,Thompson,BE632188P
user1575,Michael,Turner,RF200035J
user1576,Sofia,Nelson,RC799630L
user1577,Samuel,Phillips,MP388670N
user1578,Avery,Martinez,UJ344512L
user1579,David,Davis,KT362265H
user1580,Scarlett,Anderson,YK598651F
user1581,Joseph,Morris,AY681187Z
user1582,Victoria,Kelly,UO698342J
user1583,Carter,Foster,FA911084V
user1584,Grace,Torres,AF512377Z
user1585,Gabriel,Lewis,WW646020B
user1586,Chloe,Turner,DU288646O
user1587,Julian,Anderson,XT229752R
user1588,Penelope,Martin,KM311834J
user1589,Jackson,Thompson,LM155671R
user1590,Lily,Harris,CH688677V
user1591,Anthony,Martin,VA128256O
user1592,Ella,Turner,EI304323H
user1593,Christopher,Hall,PC747155J
user1594,Nora,Hill,ZT278930T
user1595,Isaac,Rodriguez,XO335843O
user1596,Eleanor,Foster,YD964768H
user1597,Andrew,Torres,KF678736M
user1598,Hannah,Adams,VI934052S
user1599,Joshua,Green,DD180066J
user1600,Stella,Lee,RS459600C
user1601,Matthew,King,HZ222439C
user1602,Leah,Wood,VZ511405A
user1603,Samuel,Scott,PT251783X
user1604,Hazel,Phillips,RS308277V
user1605,Wyatt,Mitchell,UI278240E
user1606,Paisley,Gray,QY167130E
user1607,Jack,Ward,IU421196Y
user1608,Audrey,James,BD959988P
user1609,David,Allen,BM166363V
user1610,Skylar,Davis,XO871737Y
user1611,John,Anderson,NP358926F
user1612,Violet,Martinez,XG961897P
user1613,Ryan,Lewis,DX582311Y
user1614,Savannah,Turner,PB526908K
user1615,Luke,Thompson,LC442859P
user1616,Brooklyn,Clark,QT162673I
user1617,Owen,Lewis,RL631196A
user1618,Bella,Turner,NO221373J
user1619,Caleb,Morris,BY619378T
user1620,Claire,Nelson,PK480783I
user1621,Daniel,Walker,VT269536C
user1622,Ellie,Hill,OV167715N
user1623,Nathan,Rodriguez,CN936511B
user1624,Naomi,Foster,AR788289J
user1625,Isaac,Flores,BY502551C
user1626,Zoe,Morris,WO191790V
user1627,Henry,Kelly,JQ349432Z
user1628,Lucy,Ramirez,HR845500S
user1629,Julian,Scott,AR118199E
user1630,Aria,Wood,FP923535O
user1631,Samuel,Phillips,RL856952F
user1632,Addison,Reed,EW708008Z
user1633,Andrew,Thompson,KA825900Z
user1634,Audrey,Foster,FE652565I
user1635,Christopher,Torres,NY209765Z
user1636,Mila,Adams,GH176627G
user1637,Leo,Richardson,TW425139I
user1638,Nora,Martin,GN678373J
user1639,Jonathan,Martinez,SP403287F
user1640,Lily,Turner,NF884237P
user1641,Landon,Phillips,QR731307L
user1642,Hannah,Gray,WA118001Q
user1643,Christian,Wilson,TE672389G
user1644,Scarlett,Davis,JI351325F
user1645,Levi,Anderson,AW616133Y
user1646,Peyton,Martinez,JH337444S
user1647,Joshua,Harris,CT900537C
user1648,Eva,Hill,GW795502Y
user1649,Caleb,Rodriguez,WV616846C
user1650,Liam,Foster,VF468272B
user1651,John,Smith,HB814837B
user1652,Sarah,Johnson,ZR859715A
user1653,Michael,Brown,NL341861J
user1654,Jessica,Davis,GZ303977Z
user1655,Christopher,Taylor,SJ992169U
user1656,Jennifer,Anderson,FP402836O
user1657,David,Martinez,XF135710F
user1658,Amanda,Thompson,HH357227R
user1659,James,White,NU250453O
user1660,Melissa,Wilson,MF954639N
user1661,Robert,Harris,LN364679J
user1662,Emily,Jackson,TL485681S
user1663,Matthew,Clark,AT521531P
user1664,Ashley,Thomas,HN242976H
user1665,Daniel,Lee,AP679062A
user1666,Nicole,Lewis,NQ788732C
user1667,William,Walker,BN287646C
user1668,Samantha,Hall,FQ420635N
user1669,Joseph,Young,QQ366997Y
user1670,Kimberly,Adams,LO692863Q
user1671,Andrew,Hill,ZE872124W
user1672,Michelle,Green,JL916249M
user1673,Joshua,King,RD625998O
user1674,Stephanie,Baker,ZG984364Q
user1675,Kevin,Wright,RM565606T
user1676,Lauren,Nelson,GF577570U
user1677,Brian,Turner,RT938138R
user1678,Rachel,Mitchell,NR360845A
user1679,Jason,Carter,UW291991I
user1680,Megan,Murphy,IH983800K
user1681,Anthony,Rivera,KJ679630L
user1682,Heather,Phillips,TF470323Z
user1683,Thomas,Russell,NG233642Z
user1684,Elizabeth,Cook,DH384681F
user1685,Benjamin,Cooper,EV993184K
user1686,Amanda,Campbell,TE247747Z
user1687,David,Brooks,QS127421Z
user1688,Danielle,Parker,PE524678A
user1689,Christopher,Morris,NU127770D
user1690,Amber,Ward,ME615582I
user1691,Steven,Ramirez,RS603277Z
user1692,Brittany,Morgan,AK369016U
user1693,Charles,Sanchez,VJ239857T
user1694,Christina,Coleman,YO546803W
user1695,Ryan,Powell,DB215518S
user1696,Amy,Reed,HW451714X
user1697,Mark,Simmons,CU460751T
user1698,Maria,Bailey,JJ849775I
user1699,Jonathan,Henderson,BI905040N
user1700,Laura,Rogers,RZ971016E
user1701,Kenneth,Rogers,IA775929H
user1702,Tara,Richardson,FK646154R
user1703,Nicholas,Flores,EW600459X
user1704,Patricia,Torres,DO375848B
user1705,Brandon,Bennett,VL332008A
user1706,Erica,Gray,GD448813E
user1707,Matthew,Reed,BM382171V
user1708,Shannon,Adams,JY331076S
user1709,Jeffrey,Hughes,LT256284L
user1710,Angela,Barnes,ET746168D
user1711,Justin,Roberts,JR830522J
user1712,Julie,Sanchez,PH489381X
user1713,Eric,Bryant,NI932671Y
user1714,Kelly,Foster,HV293328T
user1715,Timothy,Hayes,KH808634M
user1716,Rebecca,Bailey,QC921782Q
user1717,Scott,Reed,EA965614Y
user1718,Kristen,Patterson,PP289234D
user1719,Gregory,Martinez,YD230621L
user1720,Crystal,Howard,ML865318O
user1721,Patrick,Cooper,FE623506H
user1722,Christine,Price,JM718007N
user1723,Stephen,Carter,WE960331A
user1724,Sara,Cox,YJ620243P
user1725,Gregory,Gray,XP191203V
user1726,Stephanie,Peterson,AP217208N
user1727,Larry,Adams,JS686470L
user1728,Amber,Green,WG590265H
user1729,Paul,Smith,HU692889Q
user1730,Katie,Mitchell,XV767488Y
user1731,Frank,Johnson,HC979663Z
user1732,Victoria,Wilson,NJ761341X
user1733,Joshua,Phillips,ZX106400Y
user1734,Melissa,Hill,LM721888H
user1735,George,Mitchell,JG761783W
user1736,Amanda,Ward,TO606079Q
user1737,Zachary,Turner,ET526990K
user1738,Lisa,Wright,BY533563B
user1739,Jerry,Anderson,KN721887B
user1740,Erin,Robinson,AD580396H
user1741,Douglas,Brown,JF343966H
user1742,Anna,Foster,VC344743Q
user1743,Jesse,Rivera,FX179384J
user1744,Kimberly,Turner,AO772419Q
user1745,Philip,White,FO311321J
user1746,Tara,Davis,DE822318Y
user1747,Nathaniel,Allen,SY816590B
user1748,Monica,Kelly,GB759170R
user1749,Tyler,Wood,VS692831C
user1750,Shannon,Torres,SC268308O
user1751,Curtis,Foster,SQ510833Q
user1752,Cassandra,Martinez,XJ847535G
user1753,Johnny,Price,IK398261S
user1754,Margaret,Harris,HY588276D
user1755,Keith,Bell,TE596998B
user1756,Stephanie,Simmons,ND731355A
user1757,Alan,Collins,MA837664F
user1758,Danielle,Ramirez,GD471113O
user1759,Albert,Howard,LQ409236Q
user1760,Wendy,Turner,KP185636W
user1761,Eugene,Patterson,QU967519O
user1762,April,Thompson,JZ529155X
user1763,Terry,Phillips,PL426105L
user1764,Valerie,Adams,AS361669Y
user1765,Bryan,Rodriguez,KQ868870Y
user1766,Lydia,Ward,WP104918C
user1767,Jeremy,Young,UJ351906K
user1768,Emily,Miller,UX678003L
user1769,Philip,Lee,IT743713B
user1770,Samantha,Watson,NL274125T
user1771,Sean,Allen,NJ789863O
user1772,Shannon,Russell,XJ190976B
user1773,Donald,Turner,UM944550O
user1774,Jessica,Green,EO747860P
user1775,Wayne,Scott,IB886158R
user1776,Kimberly,Nelson,PX745456W
user1777,Jeremy,Davis,VE607300T
user1778,Christina,Hall,LW874562M
user1779,Todd,Anderson,WX728402E
user1780,Laura,Mitchell,FG210149M
user1781,Brandon,Taylor,WZ977684K
user1782,Jennifer,Allen,XO246424E
user1783,Gerald,Nelson,QA211171O
user1784,Jennifer,Carter,MJ690389R
user1785,Gregory,Cooper,BQ698963E
user1786,Ashley,Roberts,QY199833Y
user1787,Brian,Thompson,PV157277O
user1788,Stephanie,Gonzalez,XO428335R
user1789,Roger,Flores,GM416947N
user1790,Jennifer,Sanchez,JX940451Q
user1791,Roy,Roberts,FO924776G
user1792,Megan,Gray,QU614522C
user1793,Kyle,Scott,CO245770D
user1794,Brenda,Bell,DG994999Z
user1795,Lawrence,Mitchell,JP863654O
user1796,Amanda,Watson,DV621810Z
user1797,Peter,Kelly,TP571698C
user1798,Teresa,Turner,WO905352V
user1799,Christian,Allen,RO674597B
user1800,Ashley,Watson,VD859221Q
user1801,Jordan,Adams,LF457227D
user1802,Kimberly,Foster,VF858464T
user1803,Christopher,Russell,IY241566X
user1804,Monica,Harris,UV473083A
user1805,Raymond,Wright,XN478144U
user1806,Holly,Peterson,ZT358934C
user1807,Brandon,King,DA329939V
user1808,Laura,Davis,FU644111D
user1809,Jose,Garcia,ES351024C
user1810,Kelly,Mitchell,EM222785X
user1811,Victor,Ramirez,YZ254394Y
user1812,Karen,Rodriguez,QG915714D
user1813,Aaron,Turner,OE283369W
user1814,Katherine,Bell,NV126500P
user1815,Carlos,Wright,UR907504E
user1816,Danielle,Patterson,XI104901O
user1817,Brian,Cox,AN287337R
user1818,Leslie,Flores,BV183962W
user1819,Russell,Turner,US742888W
user1820,Ashley,Scott,UG760462L
user1821,Patrick,Allen,OA997313N
user1822,Brittany,Wilson,CA791524B
user1823,Lawrence,Clark,RM399797U
user1824,Megan,Gonzalez,GX819855M
user1825,Douglas,Peterson,XN827635I
user1826,Courtney,Turner,UX483845H
user1827,Jeffrey,Hayes,UP723171I
user1828,Melissa,Hall,WV382722A
user1829,Aaron,Coleman,AP410564L
user1830,Stephanie,Anderson,OY512312I
user1831,Ralph,Hill,CR535127G
user1832,Erin,Cox,XR600368K
user1833,Carl,Bell,CX112824H
user1834,Teresa,Torres,IG915304N
user1835,Eric,Martinez,TF804916J
user1836,Tara,Thompson,KC495638Q
user1837,Ralph,Sanchez,GK126832Y
user1838,Chelsea,Phillips,LX613643E
user1839,Dennis,Lee,QY708196V
user1840,Rachel,Watson,CS381858J
user1841,Jordan,Gray,IG105549L
user1842,Victoria,Davis,SG880755B
user1843,Gary,Garcia,UN975700Q
user1844,Kristen,Turner,CS894880F
user1845,Roy,Turner,PO320892J
user1846,Natalie,Adams,VX614831L
user1847,Randy,Murphy,CO899457M
user1848,Rebecca,Ramirez,AE390835N
user1849,Jimmy,Robinson,CY340098Y
user1850,Lisa,Hernandez,PZ936028H
user1851,Keith,Turner,IO874184R
user1852,Katherine,Wilson,BK929322X
user1853,Bobby,Davis,IE437253A
user1854,Brenda,Perez,TQ417706W
user1855,Peter,Turner,KV913281N
user1856,Jeanette,Campbell,VO813698O
user1857,Adam,Young,ZE320008J
user1858,Marissa,Wright,MA769573W
user1859,Carl,Reed,LD287310J
user1860,Jenna,Mitchell,HI592243N
user1861,Keith,Smith,WZ296887A
user1862,Monica,Hill,PB560930N
user1863,Troy,Turner,MZ412814E
user1864,Erin,Wright,WI775064C
user1865,Bobby,Turner,UX591729X
user1866,Amanda,Coleman,UB186908Q
user1867,Jose,Phillips,PB930500A
user1868,Karen,Allen,VE494185D
user1869,Jesse,Torres,AE672079S
user1870,Jennifer,Smith,UY663359D
user1871,Eugene,Harris,TZ478899K
user1872,Amy,Turner,VM243480M
user1873,Carlos,Johnson,QP192301Z
user1874,Tiffany,Reed,QW114176W
user1875,Larry,Turner,MB686365H
user1876,Miranda,Turner,ND829587N
user1877,Jared,Nelson,GF753991W
user1878,Leah,Martinez,SA475920Q
user1879,Bobby,Clark,DR732326X
user1880,Cindy,Adams,VO288609G
user1881,Jordan,Scott,OI755843N
user1882,Julia,Gray,FI884970Z
user1883,Eugene,Turner,QM987333D
user1884,Kristin,Flores,EO991348M
user1885,Eddie,Lee,XW312106L
user1886,Valerie,Anderson,TD835091J
user1887,Carlos,Mitchell,OX797546C
user1888,Jacqueline,Ramirez,OB931162D
user1889,Wayne,Turner,JP724262U
user1890,Veronica,Davis,GN468208P
user1891,Austin,Garcia,ST874467I
user1892,Sabrina,Turner,JC532656R
user1893,Keith,Brown,LE858499O
user1894,Olivia,Harris,YO426073Z
user1895,Mitchell,Phillips,CC300940Y
user1896,Courtney,Turner,QS774478J
user1897,Donald,Wright,FF344080M
user1898,Tiffany,Hall,NC389753Y
user1899,Zachary,Lewis,JR590192W
user1900,Natalie,Ward,CT940975I
user1901,Jerry,Turner,ZT707234F
user1902,Theresa,Sanchez,YB463019C
user1903,Anthony,Gray,TS341362F
user1904,Monica,Turner,GX659043Q
user1905,Victor,Turner,TI829326L
user1906,Erin,Green,PX593154U
user1907,Casey,Peterson,RK534400V
user1908,Megan,Thompson,UL439553F
user1909,Eugene,Russell,VC655332I
user1910,Samantha,Turner,ZT404479Z
user1911,Kyle,Young,SC399049U
user1912,Maria,Wright,QL324926J
user1913,Stephen,Turner,VA564009L
user1914,Cassandra,Thompson,YI525482O
user1915,Juan,Turner,UD670374T
user1916,Lori,Martinez,SN732685L
user1917,Nicholas,Davis,ZJ441403F
user1918,Angela,Ward,OI262949N
user1919,Wayne,Scott,WN694528N
user1920,Tara,Phillips,EA552988X
user1921,Nathan,Turner,TI835197A
user1922,Nicole,Anderson,YW372604A
user1923,Grayson,Hughes,VR652666E
user1924,Aubrey,Turner,ZB938889M
user1925,Christopher,Peterson,EJ691722U
user1926,Natalie,Richardson,HN627112Y
user1927,Joshua,Turner,MD664272X
user1928,Zoey,Scott,WO259805B
user1929,Andrew,Cox,TU324983Y
user1930,Hazel,Hernandez,BK966372U
user1931,David,Lee,LP342531P
user1932,Lillian,Turner,YZ609863S
user1933,Christopher,Parker,OZ263710P
user1934,Stella,Collins,BA426052F
user1935,John,Simmons,RS282202O
user1936,Aurora,Kelly,TT508258Q
user1937,Matthew,Davis,JY260352H
user1938,Savannah,Thompson,LW463694L
user1939,Levi,Stewart,JT667685A
user1940,Ellie,Baker,ZT144597X
user1941,Nathan,Smith,ON453613I
user1942,Lucy,Allen,PS467175T
user1943,Dylan,Adams,RX868842O
user1944,Victoria,Ross,QB454337F
user1945,Isaiah,Perry,QL626506L
user1946,Ruby,Foster,FO611928X
user1947,Josiah,Gonzalez,PC849844Q
user1948,Audrey,Wood,OS321838W
user1949,Jonathan,Mitchell,AW592846G
user1950,Bella,Turner,CX642465K
user1951,Samuel,Turner,OR334366E
user1952,Scarlett,Reed,MK191376R
user1953,Christopher,Green,MO926379D
user1954,Kennedy,Richardson,VO429711W
user1955,Jack,Harris,DW495281A
user1956,Madelyn,Cox,HL158076B
user1957,Ryan,Reed,EZ145590U
user1958,Eva,Phillips,XW474208J
user1959,Jordan,Murphy,BK212762Z
user1960,Caroline,Martin,CD295242C
user1961,Luke,Rodriguez,EV658212V
user1962,Nova,Nelson,PX921809L
user1963,Christian,Bell,OU986805R
user1964,Genesis,Martin,LQ441320R
user1965,Hunter,Torres,JI567003I
user1966,Sophie,Hayes,KA276820C
user1967,Caleb,Bennett,YW411245C
user1968,Ellie,Simmons,ZV712623H
user1969,Isaac,Richardson,NG815082Q
user1970,Valentina,Hughes,QS817761G
user1971,Owen,Peterson,QZ161206Y
user1972,Zoe,Cox,QT384231I
user1973,Grayson,Turner,KB446221K
user1974,Piper,Johnson,VL988890H
user1975,Nathaniel,White,BD354215G
user1976,Clara,Brooks,FX389262H
user1977,Dominic,Thompson,BM320744D
user1978,Willow,Hill,ZJ896475A
user1979,Henry,Mitchell,VQ800005K
user1980,Aurora,Green,DG718502J
user1981,Julian,Bell,HG323407S
user1982,Quinn,Cooper,UU579951V
user1983,Max,Harris,DC217438C
user1984,Autumn,Parker,WQ839157C
user1985,Easton,Rivera,JM496178S
user1986,Serenity,Nelson,LJ518672Q
user1987,Gabriel,Adams,ON445378V
user1988,Ariana,Ross,EB403261F
user1989,Eli,Sanchez,DP317022C
user1990,Maya,Watson,AQ608589R
user1991,Aaron,Clark,RY209058W
user1992,Arianna,Bennett,KK540542R
user1993,Levi,Davis,RV987442V
user1994,Naomi,Price,MI910231R
user1995,Isaac,King,YN547894Q
user1996,Eva,Long,OE344781J
user1997,Cole,Mitchell,AO982861H
user1998,Sadie,Hayes,JU247280C
user1999,Bentley,Turner,WK419393F
user2000,Hailey,Foster,AZ215812Z
user2001,Jonah,Richardson,VN741443D