Username,movie_ID,genre
KathrMoore2135,100000,Drama
ValerAguir1035,100013,Horror
KristMorri2000,100014,Drama
GaryHensl1048,100017,Action
KathrStewa2112,100023,Suspense
BradyCruz1472,100025,Comedy
JessiRamse2922,100039,Action
EdwarTurne2719,100042,Action
PeterGuerr2753,100044,Drama
JohnSanch2876,100045,Horror
RebecMorto2802,100047,Action
BrianPrice1601,100049,Kids
BenjaPatto1540,100052,Documentary
MollyYork2903,100055,Kids
AlejaWalke2168,100060,Comedy
SteveDavis2262,100061,Animation
EduarHowar2146,100063,Documentary
SarahMorri1122,100074,Drama
VictoWelch1425,100082,Arts
AaronHampt1812,100092,Horror
DavidWashi1119,100095,Action
AnthoBurke2358,100097,Action
EricMarti1918,100106,Drama
AmandParke1646,100108,Horror
CynthHill1597,100108,Comedy
TaraPierc1778,100115,Arts
KenneFuent1510,100117,Action
CrystChang2209,100118,Horror
MeghaDunca1382,100119,Special Interest
WendyJenki1838,100123,Documentary
JennyRivas1054,100127,Comedy
PhiliJense2718,100128,Comedy
MitchMarti2383,100134,Special Interest
VictoEvans1079,100136,Comedy
ChrisBurns1089,100137,Comedy
StacyYoung2608,100140,Horror
JonatWheel2666,100142,Drama
RoberGonza2872,100143,Horror
KimbeSande1276,100144,Suspense
SherrArmst2030,100145,Comedy
MikeWise1294,100147,Documentary
NathaOrteg1073,100152,Comedy
JaredMason1072,100153,Comedy
MichaMoore2798,100156,Horror
JenniWilli1060,100157,Comedy
KathrThoma1206,100160,Kids
JosepMurph1190,100162,Drama
MarcuBrown1500,100167,Documentary
ErikaGarne2122,100168,Horror
DavidKim1170,100169,Horror
CalviWard1700,100173,Arts
SamueGonza2217,100174,Drama
KaylaClark1882,100175,Comedy
ChrisGreen1615,100200,Arts
JenniWatso2235,100202,Documentary
JohnHuber1334,100203,Action
TeresHaney1333,100204,Drama
MatthArias2654,100206,Music Videos and Concerts
YolanCook1258,100208,Comedy
ChaseColli2221,100210,Drama
ThomaGarre1662,100211,Drama
JasonHines1410,100218,Drama
NichoJones1025,100228,Drama
EricJones1300,100229,Arts
DanieMarti1366,100232,Documentary
DominKelly2741,100234,Drama
RebecMyers2859,100260,Horror
NichoChave2860,100265,Drama
ClintSoto2721,100271,Drama
SarahMarti2493,100280,Documentary
RacheReese2308,100284,Documentary
JasonClark1565,100285,Drama
CrystHicks2041,100296,Comedy
ValerJones2701,100303,Arthouse
JanicSims2939,100304,Comedy
AaronMelen2218,100306,Animation
SharoWalke1417,100308,Documentary
BrittBarke1738,100315,Documentary
AdriaWatts1235,100326,Comedy
PatriThomp1614,100333,Suspense
BenjaJohns2534,100334,Drama
TonyaGonza2646,100335,Comedy
ChrisCox2513,100341,Comedy
KristCole2231,100342,Comedy
RyanThorn2768,100346,Comedy
MistyTaylo1367,100347,Suspense
DonnaMcdon2728,100348,Drama
DebraClark1355,100349,Documentary
CalebEdwar1693,100351,Comedy
RoberWilli1819,100352,Suspense
EmilyBowen1682,100353,Comedy
ChrisYoung1377,100375,Action
AnthoMoore2918,100379,Comedy
AndreSanti2179,100384,Drama
CarmeJohns1692,100394,Fantasy
DawnGonza1668,100403,Action
NichoLeona2158,100427,Suspense
TimotFranc1730,100438,Music Videos and Concerts
HollyHobbs2057,100440,Drama
KimbeJohns1790,100449,Comedy
JenniPayne1834,100451,Action
ThereSalaz2921,100452,Comedy
KevinMarti2844,100453,Animation
GregoByrd2205,100464,Drama
WandaBucha2371,100474,Arthouse
TonyHall1346,100475,Music Videos and Concerts
MatthMarti1757,100487,Drama
BrandJones1210,100490,Drama
RussePrice1394,100493,Comedy
GabriKirk2259,100509,Comedy
RebecHouse1277,100529,Drama
JakeBell1254,100532,Drama
AmyPham1056,100535,Drama
JonatJohns1143,100552,Action
DavidYoung1883,100556,Drama
ThomaMarti1140,100558,Drama
KathyPaul1759,100560,Documentary
ZachaGray1155,100562,Drama
RandyHardi2877,100563,Drama
MatthRamir1547,100565,Arts
AllenTorre1475,100567,Romance
VeronLopez1446,100569,Action
CatheVasqu1980,100576,Documentary
TeresHamil1416,100577,Action
KarenCurti1788,100580,Action
RonalTurne1463,100582,Drama
JohnaBrown2759,100584,Arts
RaymoWilso1445,100586,Horror
DerriGray1501,100592,Kids
BruceFloyd2846,100594,Kids
KristArell1552,100595,Documentary
HeathWong1427,100596,Drama
KurtFrank2560,100597,Suspense
BryanSawye1855,100598,Action
CheryGuzma2220,100599,Documentary
MichaLawre2040,100601,Kids
RyanTerry1247,100602,Comedy
SandrMulli2650,100604,Action
KyleRhode2649,100607,Action
KarenRamse2658,100608,Special Interest
BonniJones2400,100610,Action
JoyceHiggi2419,100611,Comedy
LaureHartm2578,100613,Western
MichaPoole1533,100615,Comedy
StacyOlsen2368,100631,Drama
BrittTapia1562,100644,Drama
EricSande1270,100651,Action
CrystCarls1173,100655,Action
RodneBrewe2393,100657,Drama
ClaudYoung1150,100686,Documentary
ElizaHowar1402,100689,Action
CynthDomin1420,100695,Documentary
NichoWood2648,100702,Drama
DebbiThoma2932,100706,Action
RacheGray2671,100709,Horror
JustiScott2937,100717,Animation
MarthAtkin1529,100719,Special Interest
EricSulli1291,100725,Documentary
TammyHarri2938,100728,Suspense
ValerHuert1955,100729,Romance
MarcAllen2424,100736,Drama
PatriLeon1782,100737,Kids
DavidReyno1818,100741,Action
ChrisHorne1325,100747,Drama
MatthSamps1318,100748,Arts
MelisHudso2661,100751,Documentary
CarloGilbe1503,100753,Drama
RoberGrave2536,100756,Documentary
FrankMelto1854,100757,Documentary
JasonPrinc2905,100758,Documentary
LisaWhite2700,100763,Drama
JasmiDaugh2354,100774,Action
MatthAllen2771,100778,Horror
ElizaGeorg1092,100780,Documentary
JenniCline1600,100783,Arts
ShaneMarti1603,100788,Anime
HeidiNelso2387,100791,Drama
KarenCamac2228,100792,Science Fiction
RandyEstra1327,100793,Comedy
CathyThoma2788,100795,Arts
ChrisRober1217,100799,Drama
JohnWong2780,100802,LGBTQ
NatalSilva2660,100805,Special Interest
BryanBrown1196,100810,Drama
KevinHanna2409,100813,Military and War
MichaBrown1039,100817,LGBTQ
SherrDougl1804,100818,Arts
LawreTaylo2777,100823,Documentary
LindsVaugh2799,100824,Comedy
MichaReid1275,100825,Drama
TeresPerry2005,100827,Science Fiction
KevinReed2552,100829,Action
ElizaDicke1004,100835,Arts
SarahBowma2416,100840,Documentary
NatalHowar2423,100851,Action
JamesWong2403,100854,Arts
SandrSanch1832,100860,Action
DonalCummi1725,100866,Drama
CharlLloyd2861,100871,Action
VictoHart1530,100874,Drama
ElizaThoma1688,100878,Drama
AnthoCain1274,100882,Drama
MicheHowel1734,100883,Kids
FrankWood2528,100888,Kids
WesleCoope1934,100890,Comedy
JasonNguye1097,100892,Fitness
VictoBartl1356,100893,Comedy
CoreyDoyle2080,100895,Documentary
JohnJohns1803,100896,Anime
LuisNorma1810,100900,Documentary
JesusVazqu1311,100902,Adventure
SusanShaff1391,100914,Arts
VincePhill2142,100916,Documentary
ShawnHaney1802,100917,Action
RandyMoral2805,100925,Action
KellyMendo2518,100929,Drama
CheryMarti2709,100931,Documentary
RachaRiggs2563,100932,Drama
DavidGalle1362,100933,Drama
TimotHayne1585,100935,Arts
ChrisJohns1078,100936,Documentary
MonicStone1167,100943,Action
TylerRice1297,100944,Action
EdwinLambe2858,100945,Arts
CharlLara1924,100946,Documentary
MichaChave2835,100947,Horror
ChrisMelen2599,100948,Suspense
AdamGibso2514,100952,Western
CynthMurph1509,100953,Animation
PatriStric2763,100954,Comedy
CrystGibso2857,100955,Action
JacquGuerr1990,100956,Comedy
ArielBaker1361,100957,Documentary
PatriAnder2240,100960,Action
TeresHarri2210,100967,Action
MarciMedin2412,100970,Action
AngelBisho1195,100971,Action
StephEllio1894,100974,Action
JenniRuiz2616,100975,Action
DeborBenso2276,100977,Drama
TammyWilli1166,100978,Fitness
JulieMarti2161,100979,Horror
DavidAnder2934,100980,Comedy
KyleRios2539,100982,Suspense
SeanDay1968,100983,Arts
PatriYoung2374,100984,Music Videos and Concerts
PaulRyan1514,100986,Drama
MaryMorga1911,100987,Horror
AmandRodri1940,100990,Drama
TiffaFerna1194,100991,Comedy
AdamFigue2434,100996,Documentary
DanieReyes2888,100997,Action
DouglBrook2305,100999,Drama
MarieOwens2162,101010,Comedy
BaileForbe2063,101071,Comedy
CharlCochr2853,101081,Comedy
NathaCalho2554,101087,Drama
BrookLewis2436,101091,Arts
WayneField2856,101099,Action
DanieKelle2695,101100,Comedy
ToddCraig1279,101101,Documentary
CristEvans1949,101102,Animation
ChrisAlexa2010,101103,Horror
KevinSchmi1229,101106,Action
EarlHoust2644,101108,Drama
BrittKane1268,101109,Drama
AdamBaldw1055,101116,Romance
MatthBrown2072,101122,Drama
EmilyBlack2791,101123,Adventure
HaleyHarpe1188,101125,Adventure
SarahZamor1574,101135,Horror
JenniGill1651,101138,Animation
ColleHarpe2722,101139,Drama
BryanSharp1282,101142,Action
EdwarKelly2198,101145,Drama
FrankBoyd1371,101146,Action
AmberFry2330,101148,Documentary
RyanShepp2803,101151,Arts
ColleDoyle2868,101152,Drama
RebecWilso1352,101154,Documentary
SamueDoyle2675,101155,Arts
RichaSelle2061,101156,Drama
JuliaMarti1933,101162,Arts
MichaWheel2639,101165,Documentary
AndreTaylo1634,101173,Science Fiction
BrianWood2337,101178,Drama
BrittHowar2093,101179,Suspense
SteveStewa1622,101185,Action
KaraGreen2443,101186,Special Interest
AngelWagne2500,101189,Drama
YvonnGardn2779,101190,Comedy
BrianAdams1580,101191,Action
DavidAlvar2564,101195,Documentary
TeresBrook2322,101196,Action
JacquDavis1288,101200,Arts
PatriKing2781,101204,Animation
AllisGriff1941,101210,Kids
DorotNelso1569,101213,Arts
JustiButle2298,101216,Action
KelliScott1535,101220,Comedy
ElizaFishe2931,101221,Comedy
KimbePerry1269,101240,Drama
KelliYoung1763,101241,Horror
MadisMathe2234,101242,Drama
AlexaBlack2324,101252,Horror
RobinGibso1226,101253,Documentary
KiaraJohns2772,101255,Special Interest
HeidiRowe1308,101257,Action
RobinSmith1862,101259,Action
KristRose2681,101270,Adventure
TamarDuran1993,101281,Drama
ErikaRobin2776,101282,Comedy
WilliStein2775,101284,Drama
WilliChamb1278,101292,Drama
ChrisRaymo2107,101298,Drama
BenjaPage2713,101331,Drama
RebecColli1052,101341,Special Interest
MaryOlson2471,101343,Drama
LisaNguye1390,101344,Drama
AmandLi1539,101345,Action
JeffrCabre1623,101348,Arts
EmilyGonza1758,101360,Arts
JohnSmith1504,101368,Comedy
VanesLloyd1694,101369,Arts
MorgaJorda1050,101371,Drama
JonatCabre2792,101373,Comedy
LuisOrteg1324,101377,Documentary
RobinSanch2794,101389,Comedy
KristWolfe1791,101394,Comedy
WilliCase1100,101399,Action
BrittKemp2338,101404,Documentary
JonatGates2942,101406,Horror
SandrGrant1992,101411,Drama
SusanLopez2920,101412,Documentary
JasmiJorda1670,101416,Action
KristHodge2345,101418,Western
SheilThomp2647,101422,Drama
JulieSanch1280,101423,Comedy
DonDavis1625,101424,Action
SuzanAnder2385,101425,Special Interest
DavidMarti1673,101429,Drama
ChadTran2398,101432,Special Interest
JenniErick2378,101434,Documentary
DouglRamir2388,101435,Action
JoshuAshle1702,101439,Arts
PeterColli1492,101442,Documentary
RonalGibso2499,101446,Kids
ElizaAli2891,101448,Music Videos and Concerts
KimbeArnol2854,101452,Kids
DavidLewis2851,101453,Action
ChrisThomp1146,101455,Arts
VirgiColon2737,101465,Action
TimotFisch1087,101471,Documentary
AmandMann2543,101473,Horror
AlexaRoble1076,101475,Drama
RoberBarbe1086,101476,Arts
LisaBuck2704,101482,Documentary
JenniVasqu1598,101485,Romance
DonalBenso2131,101486,Documentary
EdwinRodri2886,101487,Kids
BridgKing1945,101489,Documentary
ValerBell1085,101491,Animation
RusseKrame2335,101494,Drama
MicheLawso1043,101495,Action
RoberJacks2617,101496,Action
KathyLewis1744,101497,Arts
JonatMaldo2800,101498,Horror
ElizaWolfe1691,101499,Kids
CassaWarne2826,101503,Drama
AngelRicha1378,101505,Arts
KenneGraha1202,101508,Kids
JordaWilli1252,101513,Drama
ConniPena2909,101516,Animation
AdamEvere2707,101522,Action
DavidPatel2597,101523,Action
DavidHampt2842,101526,Special Interest
DouglCross1905,101527,Comedy
HectoBradl1094,101537,Horror
JosepWalsh2294,101541,Action
AdamBlevi2940,101543,Comedy
BonniBaker1570,101545,Drama
AnthoBrown2003,101558,Drama
MichaRober1659,101561,Action
HeathWilli1729,101564,Action
BarbaField2662,101568,Drama
RobinHanse1564,101569,Kids
DavidNunez2487,101576,Arts
CarriBauer2150,101578,Action
KristLewis2498,101581,Kids
PennyMoral2302,101589,Action
TylerLopez2301,101592,Western
BryanGrant2687,101593,Documentary
JenniNguye2269,101596,Comedy
HollySalaz1123,101599,Action
BrianMorri2587,101602,Drama
RyanColli1113,101605,Comedy
XavieKnigh2319,101609,Arts
ElizaRobin2594,101610,Arthouse
CodyCox1923,101613,Horror
StephBlack2508,101618,Action
StephClark2595,101627,Arts
BrianCarr2159,101643,Action
SeanMckni1066,101646,Special Interest
SarahMille1065,101648,Action
PatriNelso2544,101649,Arts
BethNicho1728,101654,Comedy
ShaunRyan1165,101656,Drama
MaureFoste2155,101657,Animation
AmyWalke1018,101660,Action
CharlArmst2016,101663,Comedy
StacePatte1084,101665,Drama
SamueKelle1008,101666,Comedy
JuanKnox2361,101667,Arts
EricaField2507,101672,Drama
MitchAdkin2935,101674,Animation
JessiGarci1843,101675,Action
BrandMarti1837,101676,Drama
KristAnder2264,101679,Documentary
JoanMonto2527,101680,Romance
BradlMorga1639,101681,Documentary
ThomaHale1762,101684,Action
DanieSanch1027,101687,Comedy
BrittAndre1246,101690,Documentary
CrystJohns1760,101692,Kids
ElizaRicha1245,101695,Drama
WendyMccar1307,101700,Arts
SabriEstra1422,101701,Action
RoberWoods2929,101703,Documentary
MicheMille2397,101704,Comedy
BrianScott2667,101708,Adventure
JeremValen2382,101710,Fantasy
ChrisThoma1505,101711,Documentary
AntonJacks1002,101713,Action
ChrisAntho2304,101714,Drama
PhiliVasqu2928,101715,Kids
MichaWest1821,101726,Documentary
LukeJacks1212,101729,Drama
DianaNguye1064,101730,Horror
MicheRojas1302,101733,Drama
ConniWest1727,101735,Adventure
ChrisHarpe1038,101739,Drama
PatriDougl2438,101740,Comedy
DavidGates2137,101743,Drama
ElizaGarre1216,101750,Horror
YvonnCanno2126,101752,Action
CassaGreen2933,101754,Arts
FrankHowar2603,101763,Action
HaileLynch2955,101764,Documentary
JoseMcint2668,101765,Arthouse
TonyLittl1298,101771,Horror
CynthGarci1385,101773,Horror
JoyceCalla2738,101777,Action
RoberTucke1478,101785,Arts
JohnMay2685,101786,Documentary
TonyPatri1722,101788,Arts
TracyWhita2632,101789,Drama
VanesJames2708,101790,Documentary
KathySanch1131,101793,Western
ChrisJohns1130,101794,Drama
AaronSmith2542,101796,Drama
MarviAndre2684,101797,Action
AnitaSmith2680,101798,Action
ConniMunoz2224,101802,Arts
StacyPruit2037,101803,Drama
KeithRicha2347,101808,Arts
AliciSmith2714,101809,Horror
LeonaDiaz2566,101812,Documentary
TeresFarre1499,101813,LGBTQ
AndreBrown1650,101817,Arts
JulieChris2167,101820,Special Interest
MelanHardy1397,101821,Arts
MarkVelaz1249,101824,Drama
KathlRodri1520,101830,Arts
RobinAshle1159,101831,Special Interest
TiffaBentl2394,101832,Drama
PatriMayna2786,101833,Comedy
SheilMarti2165,101834,Horror
EvelyDenni2767,101839,Horror
VictoBrock2912,101846,Action
DarreRober2178,101851,Action
SamanEllis1351,101854,Action
JenniClark2197,101858,Drama
StevePorte1233,101859,Documentary
BrendCunni1267,101860,Special Interest
EricKline2117,101867,Drama
EthanJeffe2789,101868,Drama
LeahCampb2381,101870,Arts
KimbeAdams1016,101871,Romance
AngelYoung2754,101873,Comedy
JamesBryan1262,101877,Drama
JonatRoy2095,101887,Action
JodiKnox2902,101892,Comedy
TeresWalke1176,101898,Action
PatriDavis1930,101899,Drama
DanieBeck2200,101900,Drama
CamerSanch1156,101902,Drama
DwaynKent2615,101904,Arts
GregoPatri2883,101905,Documentary
TonyaValen2451,101910,Arts
AdamWiggi1461,101921,Comedy
TraciLong2745,101922,Drama
DustiOlive1115,101927,Kids
KatheFarme2919,101931,Comedy
AshleDavis1912,101932,Suspense
DonalHeste2702,101937,Drama
AngelOconn2147,101938,Drama
TerriTran2609,101942,Action
ChrisCasti2596,101944,Comedy
DanieJacks2246,101945,Action
MicheWebb1482,101946,Drama
CourtNelso2484,101951,Documentary
ValerGrego1584,101960,International
WhitnMoran2316,101961,Drama
RobinFarme1544,101964,Comedy
JesseOlsen1781,101967,Drama
VinceMaldo2810,101968,Action
AnnetHayes1998,101970,Drama
CarlPhelp1200,101972,Action
MadisTaylo1158,101977,Drama
TinaWarre1251,101978,Comedy
ElizaMason2406,101983,Action
GregoMunoz1197,101985,Documentary
AmyCoffe1476,101986,Action
ChrisKnigh1595,101988,Horror
ThomaBond2229,101998,Kids
JoshuMicha2510,102000,Special Interest
EdwinMayo2328,102001,Documentary
GraceSims1359,102002,Arthouse
MichaTaylo1906,102006,Action
StephGardn1428,102011,Action
AdamWilki1120,102012,Adventure
MelisWebst1890,102016,Suspense
AlejaCruz1511,102028,Drama
MaryBurke2547,102029,Comedy
SarahTaylo1007,102030,Western
JordaWilli1024,102035,Action
PaulMurph2673,102037,Documentary
WilliChave1129,102040,Action
StaceLara2384,102042,Animation
ChrisJohns1006,102044,Documentary
DenisRuiz2583,102046,Drama
KellyArnol1221,102047,Horror
JohnGentr2575,102051,Comedy
JasonOrtiz2533,102052,Documentary
SteveDicke1754,102053,Drama
MarkCook2273,102056,Action
AnthoDunla2110,102057,Faith and Spirituality
EricCarls1121,102066,Action
ChrisNixon2847,102068,Documentary
LorraWebb2068,102072,Documentary
WilliSmith2017,102075,Documentary
AngelHanse1860,102078,Science Fiction
JohnMatth1677,102080,Action
LindsWalla1675,102083,Special Interest
CharlManni1534,102085,Romance
SamueHendr1225,102093,Arts
PaulBuckl2565,102096,Action
SarahColli2488,102098,Action
AlberWerne2277,102110,Horror
KatelHerna2855,102112,Animation
BiancAbbot1718,102117,Arthouse
EdwarFritz1309,102120,Arts
KevinLucas1716,102121,Action
SarahMunoz1114,102122,Arthouse
LauraAyala1081,102127,Suspense
KimbeFrazi1386,102133,Drama
DannyBrigg2898,102138,Documentary
MonicTucke1467,102139,Drama
VictoBrown2260,102144,Drama
IsaacWong1735,102147,Kids
NicolClay2214,102151,Horror
JohnReed2870,102155,Drama
VictoLi1606,102156,Drama
RoyRoss2268,102170,Comedy
JenniJones2144,102173,Action
HowarPerez2349,102178,Special Interest
EdwarPowel1769,102184,Fitness
NicolWebb2736,102186,Drama
AnthoGrime2691,102189,Action
KellySloan1220,102192,Action
MelinObrie1338,102197,Adventure
WilliGutie2605,102198,Action
LisaWashi2476,102201,Suspense
NicolHerna2249,102203,Arts
BeckyDunca2418,102209,Documentary
ChrisBurns2689,102210,Drama
MichaHamil1201,102211,Adventure
IsaiaPrice2211,102212,Comedy
LoganHoove1213,102214,Documentary
EmilyLee2626,102216,Science Fiction
LisaRamir1611,102217,Action
MichaDavis1617,102220,Drama
MelinFlowe1910,102221,Comedy
JoyceSmith2727,102222,Comedy
AlexWebb1604,102225,Arts
RobinMorga1320,102232,Kids
CassaSoto1824,102240,Drama
JulieMitch2300,102241,Documentary
SamueStoke1281,102245,Comedy
EllenAllen2834,102248,Comedy
MistyHawki2386,102258,Comedy
AndreRodri2679,102260,Kids
MatheBrady2653,102261,Comedy
MichaVazqu2113,102263,Horror
RyanPorte2785,102266,Horror
PamelMitch1256,102271,Drama
EricaJones1223,102273,Adventure
PatriLewis2747,102274,Documentary
SusanGrant2892,102275,Horror
JillHerna2460,102277,Kids
BenjaCurti2120,102286,Action
RandyGray2081,102289,Drama
EdwarRoth2839,102290,Horror
TroyBryan1435,102291,Action
AnthoRodri1314,102292,Special Interest
BryanGentr2710,102303,Drama
AmberHendr1127,102317,Documentary
ReginLewis2032,102324,Drama
PamelYoung1046,102325,Action
MelisWalke2874,102329,Action
BrandDoyle1354,102331,Drama
MikeBrigh1248,102333,Comedy
TaraConra2867,102335,Drama
YolanDean1464,102339,Suspense
KaitlAndra1332,102341,Documentary
TonyGriff1491,102342,Documentary
WilliMatth2613,102343,Drama
JosepMoore2546,102346,Documentary
KathyVilla1440,102348,Action
JoannAshle2237,102351,Horror
SharoMcdon1594,102352,Arts
DanieChan1876,102361,Arts
MarioBaile2875,102362,Action
JamesSanch1142,102364,Western
LorraYork2808,102365,Action
JamieMcgee1419,102366,Comedy
BrandWood1698,102367,Drama
KellyMarti2871,102368,Animation
KristJohns2278,102370,Drama
CodyShelt2405,102372,Suspense
DavidBrown2373,102381,Arts
JerryMuell1022,102383,Kids
JeffrHerna1380,102393,Adventure
JamesRoger1957,102394,Arts
JeremMcgee1051,102399,Kids
EmilyWheel2760,102404,Drama
LisaBrown1021,102408,Animation
ScottBurge1192,102413,Drama
JessiLozan2897,102419,Action
JenniMorri2651,102425,Drama
StephConra2109,102428,Comedy
MichaRodri1230,102429,Arts
MaryPeter1867,102431,Comedy
NichoFranc2099,102432,Comedy
SamanRusse2522,102434,Comedy
DeborWalte1183,102436,Comedy
AngelMille2833,102438,Drama
RichaMckin1139,102440,Arts
RandyNorto1388,102441,Drama
ChrisThorn2944,102446,Action
AngelStewa1102,102452,Drama
CynthHowar1287,102464,Kids
JohnSnow1628,102466,Drama
NicolCoole1963,102468,Action
TherePatri1528,102472,Drama
LauraBrown1976,102476,Comedy
MariaAllen2479,102478,Drama
WilliOrtiz1848,102482,Drama
StephCarri2174,102483,Documentary
EricOrtiz1587,102486,Arts
ChelsHerna2104,102488,Horror
JacquMonro2526,102495,Action
JuliaRamir2007,102499,Documentary
AshleBurns1660,102501,Action
EmilyHughe1399,102504,Comedy
MichaMarti2340,102511,Special Interest
StephPeter1494,102517,Drama
ShawnClark1154,102522,Action
MarthWells1829,102532,Comedy
PhiliForbe1828,102533,Action
ChrisMcnei1827,102534,Comedy
JosepHanse1826,102535,Drama
JohnBrown1967,102539,Kids
SavanChand1888,102541,Special Interest
AlanSmith1859,102544,Drama
DesirMorri1712,102545,Drama
EricTaylo1110,102546,Kids
DavidHenry1069,102550,Comedy
LisaPowel2450,102551,Horror
TammiRange1175,102556,Action
MarkPerez1599,102557,Special Interest
JasonCarls1203,102560,Kids
LuisMedin1449,102565,Arts
KellyFranc2238,102567,Animation
BrittRodri2325,102571,Arts
LisaMclea1887,102572,Science Fiction
PeggyAnder2863,102573,Drama
MarieWilso1228,102577,Drama
AmyHoust1886,102578,Action
KarenMadde2106,102579,Action
CynthJense1966,102580,Drama
ThomaBarto1885,102582,Drama
MichaWalke2947,102583,Drama
JohnFishe2011,102592,Comedy
DanieSanto1942,102597,Comedy
RavenSanto2480,102605,Comedy
GabriDonal2121,102606,Arthouse
JeffrHenso2006,102613,Horror
JuliaMoral2604,102614,Drama
ThomaGreen2607,102617,Kids
RickyMccoy2482,102618,Western
RoberRodri1815,102621,Comedy
BrandMille1454,102622,Comedy
JennaSoto1783,102623,Drama
TaraFaulk1767,102626,Action
JenniChase1204,102630,Drama
DavidAnder1723,102631,Adventure
TanyaEspin1433,102635,Kids
AndreSchne2517,102636,Horror
StaceWilli2726,102637,Suspense
StephBarbe2516,102638,Music Videos and Concerts
FredeWalke1572,102639,Drama
JamesGonza1592,102645,Drama
MaryHarri2183,102648,Documentary
RusseMoren1612,102651,Drama
LauraKing1936,102657,Documentary
CharlCarte2787,102669,Documentary
SamanAnder1613,102673,Comedy
RaymoMoral1641,102674,Drama
StephTaylo1409,102675,Animation
AnneKing1717,102678,Action
FrancPerry1261,102682,Kids
LisaDiaz1260,102684,Comedy
TiffaMarsh1259,102686,Comedy
ElizaSimmo1631,102687,Arts
MalloScott1630,102688,Special Interest
JasonHammo2612,102690,Drama
KimbeCarpe2611,102691,Documentary
RacheAlvar2610,102693,Romance
BrandRodri1329,102694,Action
WilliWhite2941,102696,Action
ChrisWrigh1579,102704,Comedy
CathyBaile1975,102705,Music Videos and Concerts
BenjaAusti1518,102713,Arts
AliciPears2627,102717,Documentary
MarieAlexa1610,102718,Suspense
BrianFulle1811,102720,Animation
TimotWatts1985,102725,Arts
BrittPrice1607,102730,Drama
DebraOconn2930,102733,Western
NicolColli2889,102735,International
TeresHurst1814,102738,Special Interest
JasonBurto1363,102739,Action
BrandGonza2102,102748,Comedy
JuanThomp1456,102751,Drama
BrandHarri2114,102754,Documentary
JohnMille1755,102756,Western
JeffrHall2321,102759,Kids
MargaKlein1319,102767,Science Fiction
JoshuJohns2343,102769,Documentary
MichaWalte1737,102771,Comedy
WilliChan2125,102772,Action
JoseSteve2050,102774,Special Interest
TammyFloyd1652,102790,Action
GailLawso1360,102797,Comedy
DouglOdonn1965,102802,Drama
JasonStewa2483,102806,Special Interest
PamelHeste2501,102810,Drama
TayloConne2415,102816,Comedy
LisaHorto2699,102818,Drama
LeeLewis1674,102820,Horror
MeghaWilli1721,102831,Comedy
SamueBlack2177,102833,Arts
TroyThorn2574,102835,Comedy
TimotWilso2506,102836,Arts
TerriHughe1019,102837,Drama
StephGomez1733,102838,Comedy
PatriWalke1199,102844,Comedy
DianaDay2706,102846,Arts
JeffeGarci1432,102848,Comedy
CynthClark2128,102849,Action
JenniCampo2289,102853,Arts
ChrisKelle2056,102857,Special Interest
CynthMills1031,102860,Documentary
RonalCasti2948,102861,Comedy
MarkHartm1866,102863,Horror
MelisBenne1605,102866,Horror
RaymoGardn2320,102868,Drama
CalviSmith2503,102874,Faith and Spirituality
GeralLee1944,102877,Animation
AshleTorre1144,102882,Arts
HeathMoran2840,102886,Action
AmyClark2429,102888,Comedy
NathaLove1640,102899,Drama
JonatTucke1879,102900,Action
AlexiRyan2743,102902,Horror
WendyTyler2314,102905,Drama
SusanMyers1458,102908,Comedy
BrianHuffm1136,102916,Action
AmberThoma2329,102917,Action
ScottGarci1633,102919,Documentary
JoseMarti1704,102920,Adventure
JamieWeiss1749,102925,Documentary
WendyFerna2677,102926,Arts
KristBurto2485,102930,Suspense
JeffrShaff1209,102936,Action
KathyHamil1208,102937,Action
CrystRicha1133,102950,Comedy
TommyRoble2481,102955,Drama
ErikJones2502,102957,Drama
SteveChang1830,102964,Animation
KellyBryan2467,102969,Drama
MelisGonza2473,102970,Drama
ToddPatel2537,102973,Arts
JoelOsbor1098,102974,Comedy
ElizaThomp1241,102982,Action
DouglMille2698,102986,Western
ChelsThoma2893,102988,Arts
MichaAdams2782,102989,Drama
StephOrteg1732,102990,Action
ElizaRoach2152,102991,Comedy
TraceAlexa1222,102996,Comedy
MitchRocha1913,102997,Drama
DerekJohns2059,103003,Drama
AngelChang2096,103007,Fitness
AlexaCook2954,103009,Comedy
BarbaJohns2035,103015,Drama
KathlGarci2462,103018,Arts
ChrisWalke1044,103019,Documentary
JillCook2676,103022,Drama
JenniJohns2504,103023,Action
CarloWarne1720,103024,Comedy
CaitlNicho2601,103026,Science Fiction
BrookTaylo1705,103027,Western
CheryOrtiz1074,103028,Comedy
AllisOsbor2469,103045,Action
AndreJacob1444,103047,Comedy
ChrisRobin2470,103049,Action
JoshuSimon1984,103052,Western
GabriCantu1589,103055,Documentary
FrankPeter2188,103058,Action
RaymoMoore2360,103059,Action
MatthPeter1573,103061,Drama
RebecJohns1972,103063,Drama
DaleChand1112,103069,Special Interest
PatriRober1045,103081,Comedy
ChelsNguye1671,103090,Documentary
MelisObrie2865,103091,Drama
ChrisShea2401,103098,Comedy
KimbeOdom1591,103099,Comedy
MichaLee2043,103100,Animation
ReneeMcclu1376,103101,Arts
TiffaBrown1813,103102,Drama
JenniClark1575,103103,Arthouse
JessiMoral1577,103105,Drama
ChrisGaine1626,103106,Drama
GaryPower2812,103108,Horror
JasonHayde2252,103115,Special Interest
ScottGarci1874,103117,Arts
JoshuClay1424,103126,Horror
DeborThoma2837,103134,Arts
CalebMille1719,103135,Documentary
CharlHerna2022,103137,Action
HunteSanch2735,103140,Kids
KarenSmith2734,103141,Arthouse
MicheReeve2733,103142,Drama
JessiGarci2454,103144,Drama
KathrMoore2410,103146,Horror
AngelAshle2769,103148,Comedy
SandrMille1956,103150,Action
RoberPatel1264,103154,Arts
RyanSmith2586,103156,Kids
AaronPatte1593,103162,Action
JamesRoble2880,103164,Drama
MariaLopez1313,103165,Documentary
ZachaWarre1017,103167,Action
WilliRoss2490,103170,Special Interest
RoberOlson2669,103171,Arts
JanetPerki2251,103172,Drama
NicolSchwa2116,103173,Horror
JonatPoole2936,103181,Comedy
StacyAllen2683,103182,Drama
NoahWalte2553,103190,Suspense
MelisJacob2213,103192,Drama
CassiFord1330,103196,Western
ClairWilli2951,103197,Historical
ReneeClark2655,103206,Comedy
RoberGomez1794,103207,Kids
SusanGreen2285,103225,Comedy
BradlMiddl2284,103227,Comedy
DanieBeasl1895,103229,Comedy
StephLee1227,103230,Drama
VeronGonza2204,103234,Kids
SuzanCampb2630,103235,Action
MelisWhite1099,103236,Action
LauraWolf2585,103238,Arts
EmilyThomp1974,103249,Drama
MicheDyer1489,103251,Anime
VictoMende1841,103255,Romance
VictoLucas2910,103257,Drama
DonnaNorto2659,103260,Suspense
MicheMerri2525,103262,Suspense
JanetMille2242,103266,Action
NicolSanfo1927,103269,Science Fiction
MicheOlson2141,103281,Action
HeidiDiaz2100,103286,Action
DenisOlson2914,103290,Drama
AngelGomez1172,103304,LGBTQ
DavidWrigh2682,103306,Action
LisaLittl1513,103308,Documentary
CatheCarte1872,103310,Arthouse
JamesHensl1116,103312,Drama
EthanWiggi2091,103316,Comedy
MistyHollo1207,103318,Drama
JodyValen1292,103319,Horror
JonatWeber2562,103320,Comedy
ReneeCarr1090,103333,Drama
JosepKnigh1527,103338,Drama
EmilyLopez1316,103339,Documentary
JohnWilso1752,103344,Drama
AmandAlexa1057,103354,Fitness
JenniWrigh1636,103365,Drama
KevinHerna1907,103366,Comedy
AshleMccla1312,103372,Action
JasonMiddl2751,103381,Arts
LeonHuert2724,103384,Music Videos and Concerts
TyronRoach1825,103388,Arts
SaraCamer2351,103389,Drama
DianeBaker2176,103393,Action
LesliSimmo2634,103403,Documentary
DonnaRicha2952,103408,Action
BarbaRitte2404,103409,Drama
AmySwans1516,103410,Drama
KylePratt2082,103412,Suspense
KatheLee2581,103414,Comedy
AaronBurns2134,103418,Kids
PhiliDiaz2309,103419,Western
BarbaNguye1387,103422,Arts
RichaMille2869,103423,Suspense
MelanMason2136,103425,Action
KimbeHerna2202,103426,Drama
AnneMarks1028,103428,Documentary
AndreKelly1326,103439,Adventure
KatelMeyer2206,103440,Documentary
DeborVelez1349,103442,Action
ElizaWhite1820,103447,Drama
JerryPierc1851,103448,Kids
HannaAllen1870,103449,Suspense
MatthBowma2175,103452,Documentary
BrianFitzp1401,103457,Documentary
ChrisZamor1590,103460,Drama
AlexaSmith2688,103466,Comedy
CurtiSmith1774,103472,Arts
MelisRiley1549,103476,Comedy
LatasHolme2572,103477,Drama
GeorgJones2359,103483,Documentary
AbigaField2127,103487,Science Fiction
KatieSanta2389,103510,Horror
JenniArnol2774,103512,Suspense
JamiePierc2703,103537,Special Interest
KeithChen1343,103555,Drama
SaraNovak1512,103556,Drama
RandyRoger1029,103557,Comedy
LisaColon2275,103558,Comedy
PaulBrown2185,103561,Drama
KeithWilso2062,103565,Horror
DavidFitzg2887,103566,Arts
TammyHarmo1138,103568,Action
LeonaBowma2686,103617,Action
MarkFrost2344,103618,Action
AudreChapm1586,103620,Documentary
DianeEdwar2801,103624,Comedy
MarkDavis2083,103626,Drama
JamesGill1395,103627,Documentary
AllisGonza1920,103630,Action
JulieMille2346,103631,Comedy
LesliKing2431,103632,Comedy
JohnWalke1902,103635,Comedy
JohnMurph1093,103638,Action
HayleStewa1856,103639,Comedy
JamesGallo2331,103640,Arthouse
PhillSmith2843,103642,Arts
SteveBurto1596,103644,Arthouse
BrandHammo1457,103646,Comedy
MonicNorto1842,103647,Documentary
AngelMorri1242,103648,Horror
RoberDurha2678,103649,Suspense
MariaHudso1426,103650,Arts
KristEdwar1466,103651,Action
AnitaValen1239,103673,Arts
RoberCarro2101,103676,Drama
AaronBrenn2535,103677,Comedy
KimWilli2390,103679,Kids
AlejaMunoz2253,103680,Drama
JenniShort1921,103682,Documentary
MelanHende1486,103684,Action
DanieTucke2580,103698,Action
LisaKelly2900,103699,Documentary
ScottLee2181,103700,Documentary
SamanPhelp1742,103778,Drama
AlexaMarti2433,103782,Science Fiction
CynthJohns2274,103784,Drama
SarahGoodw2524,103786,Action
JohnAdams1493,103787,Kids
DominMille2829,103789,Comedy
RusseSteph2279,103791,Adventure
JeffrRanda1034,103792,Documentary
RobinSchul1263,103794,Drama
AdamHeath1891,103796,Animation
MorgaLawre2036,103798,Horror
AmberCarro1656,103799,Animation
MonicHarri1715,103801,Arthouse
KarenHamil1982,103805,Drama
CoryJones2026,103806,Comedy
KarenMarti2193,103810,Drama
AngelGutie1375,103811,Comedy
DerriSande2489,103812,Documentary
SpencMoore1761,103814,Documentary
SteveGonza1833,103817,Documentary
ThomaWalla1353,103819,Fitness
RichaCoope1224,103820,Arts
AngelReyes1443,103821,Documentary
RyanFrank1257,103826,Drama
SusanBryan2926,103830,Drama
NathaKnigh1772,103833,Drama
ChrisBrown2817,103834,Documentary
BobAllen1062,103837,Action
SeanWilso1996,103842,Action
SteveScott1418,103843,Drama
MaryMcgra1521,103858,Kids
JamieClark1863,103859,Comedy
YvonnBarre2618,103860,Arts
RodneGonza2593,103863,Comedy
RobinSmith1145,103864,Special Interest
MeredCarr2075,103866,Animation
AlisoEllis2723,103869,Action
NatalAnder1768,103872,Horror
DouglRober1739,103873,Suspense
ElizaWheel1219,103874,Horror
FrancLong1340,103875,Horror
JenniMills2092,103876,Documentary
KevinCampo2744,103878,Action
KellyLambe2370,103889,Action
PaulFlore1686,103890,Animation
WhitnSnyde1430,103891,Horror
CarloHende2291,103895,Comedy
AshleWrigh2628,103900,Drama
KelliSmith2770,103905,Drama
DenniPerez1845,103906,Comedy
PhillJuare2044,103907,Suspense
WilliMerca1557,103909,Comedy
ThomaMarti1189,103911,Suspense
MichaWalke1030,103912,Documentary
JoseFerna1908,103913,Documentary
KimbeBlake1697,103914,Comedy
TracyMarti1786,103915,Action
ZoeMcgui2457,103916,Documentary
EvanHerna2154,103918,Action
MarkHill2287,103919,Documentary
RonniKing1474,103920,Kids
CarloGray1481,103922,Drama
LanceCantu2163,103923,Action
DouglSimon1452,103924,Comedy
DerekMarti2821,103925,Drama
KathyJohns2811,103927,Action
EdwarPerki2203,103930,Action
KatheRamos2067,103931,Documentary
DanieMille2421,103933,Drama
JacobGarre2402,103936,Comedy
RoberSpark1453,103956,Action
IsabeCunni2245,103958,Arthouse
LisaWiley2590,103960,Drama
SabriJones1132,103961,Horror
ColinLuna2633,103963,Drama
AllisMeyer1026,103964,Action
LindaMaxwe1736,103967,Documentary
IanTorre2355,103968,Special Interest
PatriGriff1669,103974,Drama
ChrisBanks1384,103975,Comedy
TroyFaulk1182,103976,Science Fiction
LauriClark1379,103998,Drama
MichaBoyd1211,104000,Drama
SheriLee1181,104001,Drama
VinceDawso1542,104003,Comedy
LindaCasti2313,104004,Documentary
ThomaCurti1451,104006,Arts
JanetStone1809,104008,Animation
BrendHowar2520,104009,Music Videos and Concerts
ChelsSanch2885,104010,Drama
AlexiMuell1624,104011,Action
DanaMyers2913,104012,Drama
JasonCasti2015,104014,Comedy
JacquThoma1685,104019,Documentary
LisaDyer2645,104021,Action
VanesSmith2790,104022,Arts
VictoPhelp1141,104025,Drama
MargaRoss1289,104032,Comedy
KimbeGreen2761,104034,Action
ScottRice2399,104035,Horror
RacheGreen1896,104052,Arthouse
KyleHende1059,104053,Western
RacheRiver2757,104054,Horror
JoeWilso1868,104059,Drama
BrandJohns1937,104060,Action
AliciThomp2417,104061,Drama
CarriDelga1331,104063,Drama
SarahBush1234,104065,Horror
TayloHughe2576,104066,Arts
AmyDuran1185,104067,Arts
CarmeDavis2558,104068,Drama
BillyAllen1003,104072,Drama
HaleyWarre1724,104075,Comedy
CynthEngli2297,104076,Comedy
MicheDavis1273,104077,Drama
DerekNelso1049,104078,Arts
CharlPerez2915,104079,Documentary
CharlCarr1743,104081,Documentary
RoberMyers1903,104082,Science Fiction
JamesDavis1137,104083,Documentary
KathlWebb2013,104084,Action
ChrisReyno2233,104086,Kids
EmilySteph2232,104087,Special Interest
PatriReeve2465,104092,Action
KarenKirk1328,104093,Documentary
JanetMathe2796,104094,Comedy
GinaJones1875,104095,Action
BrandCombs2333,104096,Comedy
KaitlHende1989,104098,Adventure
PeggyMarti1987,104100,Comedy
AustiJones1986,104101,Arthouse
JohnTodd2280,104121,Horror
AnaFox1566,104122,Drama
EmmaCochr1177,104125,Documentary
MargaMcclu2820,104129,Comedy
JenniBarto2364,104134,Comedy
DavidBrook2567,104135,Arts
ChrisCarte1214,104136,Action
NicolSmith2911,104139,Documentary
BrittReyno1164,104140,Drama
RichaNelso1063,104141,Fitness
DeborLopez1083,104146,Comedy
KellyReed1075,104147,Documentary
AngelArnol2475,104148,Action
SteveHarmo1873,104149,Arts
MarilGlove1374,104152,Action
RobinHolme1272,104153,Action
JamieWatso2357,104155,Drama
MeganGomez1255,104156,Documentary
TracyJosep1266,104158,Adventure
RichaGardn1922,104159,Action
TimotMitch2375,104160,Comedy
EvelyTruji2830,104161,Drama
JenniDonov1799,104162,Drama
VinceTaylo1448,104165,Western
StephHoust2521,104171,Action
TroyHuffm1240,104174,Horror
ChrisTorre2582,104176,Horror
StephPhill2765,104177,Drama
AnthoSimps1321,104181,Drama
JulieGrant2160,104193,Action
MalloNunez1689,104195,Documentary
MaryWiggi1789,104196,Adventure
StuarSchne1126,104198,Drama
TimotKing1506,104199,Action
JoyFlynn1109,104204,Drama
WilliTaylo2108,104205,Action
BrianTran2832,104206,Drama
CheryMoyer1909,104209,Drama
DenisGentr1396,104210,Action
MichaWhite2529,104211,Comedy
JesseEllis2039,104234,Action
BrittMorro2890,104236,Kids
LisaBrown1473,104238,Action
StephWrigh2694,104240,Comedy
LucasTaylo1322,104241,Action
EricCline2712,104242,Documentary
SabriAguir1414,104245,Drama
BryanBrown1469,104247,Action
DavidRobin1780,104250,Documentary
BrettJones2408,104253,Drama
ChelsMille1118,104254,Comedy
JamesBrown2323,104256,Drama
JenniAlexa1191,104276,Drama
RyanLewis2773,104278,Comedy
DarreMckee1323,104279,Horror
AlexiCobb1347,104281,Kids
NathaWade2170,104282,Documentary
BradlWilso1477,104283,Romance
LisaGreen1929,104284,International
JamesAndre2472,104287,Animation
KristShaw2643,104288,Documentary
BrandHicks1561,104290,Documentary
BradlGarci1068,104292,International
WilliBaker1877,104294,Action
EricTurne1101,104295,Action
AlanSmith2551,104296,Action
KenneWest2625,104298,Documentary
AllenLittl1368,104299,Comedy
MeganKoch1012,104314,Documentary
ElizaRoman1077,104316,Arts
ChrisHayne2444,104320,Drama
DanieCrawf2432,104325,Documentary
TammyAnder2638,104329,Drama
JeremMoren2629,104331,Comedy
KatheZimme2315,104332,Animation
SteveBende1350,104333,Special Interest
BrandWalke1578,104334,Arts
EdwarRoger2379,104335,Action
RebecLewis1169,104336,Comedy
CassaGarci1750,104338,Drama
AmandYoung1508,104339,Comedy
StaceAlexa2148,104340,Comedy
CharlGomez2814,104342,Comedy
MichaJenki2225,104344,Action
ZachaBarke2448,104348,Drama
JasonJones2550,104350,Horror
TracyBryan1339,104352,Comedy
SarahCunni1053,104353,Horror
SusanShelt1468,104374,Drama
WilliSmith2904,104375,Kids
AprilGraha1764,104376,Drama
LauriSchul2845,104378,Horror
TylerLogan1538,104379,Horror
SteveHumph2631,104383,Comedy
MartiTerre2191,104384,Suspense
GabriHuert2819,104392,Arts
DanieSmith1997,104393,Horror
StefaJense2690,104394,Western
KathrDavis2396,104395,Drama
LouisCampb1218,104397,Action
BrandLloyd1970,104402,Arts
JamesHicks1438,104403,Drama
KenneCruz2250,104412,Drama
DanieRay1236,104415,Romance
KeithHenry1928,104417,Drama
RoberGuerr1372,104418,Comedy
HannaCruz2828,104419,Comedy
AlexWilli1498,104423,Romance
JordaHoffm2435,104435,Action
AngelHayes2028,104436,Drama
FrancMccar1009,104438,Suspense
NatalMonro1317,104442,Arts
TimotJones1015,104444,Western
IanWeeks2341,104445,Horror
JohnJohns2637,104449,Action
BrianGarci1398,104450,Special Interest
ThomaHicks1244,104451,Drama
SusanOlson1411,104453,Suspense
JenniMeyer2332,104454,Arts
JennaLara1766,104455,Comedy
AshleSmith1765,104456,Animation
LisaSmith1364,104461,Comedy
ChrisRobbi1581,104464,Suspense
AliciWise2739,104467,Drama
KevinBradf1437,104471,Comedy
GregoThomp2049,104473,Action
ColtoLittl1306,104481,Action
LisaJones2591,104483,Music Videos and Concerts
CraigDoyle1471,104485,Arts
PaulOconn1403,104494,Special Interest
JamesCarro2085,104497,Action
ElizaNelso1184,104506,Comedy
GabriVaugh2809,104510,Comedy
JeremMolin1644,104511,Comedy
JohnPittm1283,104513,Drama
MaryMills1576,104514,Horror
JamesHaney2021,104517,Arts
MichaHarri2561,104520,Suspense
ErinRice1939,104523,Arts
GlendPotts1709,104529,Horror
JoseChave2882,104533,Documentary
BrandThomp1796,104534,Action
AlexiRoger1795,104539,Arts
JilliFrey1117,104540,Action
ChrisMclau1537,104557,Science Fiction
ElizaFrede1558,104558,Action
ChrisFlynn1807,104559,Arts
JacquJohns1969,104561,Action
PaulSharp1373,104562,Action
HeathDrake1901,104563,Action
CarolAguil1315,104566,Special Interest
PrestWilso2656,104568,Drama
SandrGibso2139,104569,Comedy
JayRobin2327,104573,Kids
ShirlBall2086,104575,Documentary
StephReid1525,104576,Drama
DianePhill2864,104577,Drama
ShellAndre2425,104579,Action
KevinClark2111,104580,Drama
ChrisJorda2881,104581,Drama
RacheHenry2014,104582,Action
WilliWalke1134,104585,Western
SaraBaker2446,104587,Suspense
MargaMckin2716,104588,Drama
DaisyVelez1013,104589,Documentary
PaulMille1555,104593,Drama
AmandCarls1953,104594,Drama
EricaMeyer1058,104595,Documentary
ShirlBrown1447,104596,Drama
KenneGonza1775,104597,Action
JeremMcnei2556,104598,Documentary
LauraPrice2711,104599,Arts
CarloBeasl2657,104600,Comedy
GordoKelle1836,104601,Drama
DavidRose1519,104602,Music Videos and Concerts
JamieMorga1666,104603,Drama
KatheYoung2878,104604,Action
ChrisWebb2545,104606,Drama
SheriHarve1898,104608,Drama
EllenBlack1654,104614,Action
AmandGreen1563,104615,Action
MadelJenki1462,104617,Comedy
WilliNelso2692,104632,Animation
GeorgPerez1756,104642,Comedy
ChrisMorga1627,104645,Action
BryanRicha2943,104647,Arts
BrandShea2363,104654,Romance
AnitaMoral1897,104666,Action
RebecDyer2166,104667,Action
PatriBrown2917,104669,Horror
DanieLi1037,104672,Drama
RuthBrown1365,104691,Suspense
JonatGrime1400,104692,Arts
RoberGordo1152,104694,Kids
KevinBrown1032,104696,Comedy
JesseThoma2715,104699,Special Interest
WendyKent1853,104701,Comedy
BruceVille2852,104719,Action
JenniCox1849,104720,Action
ChrisFlowe2189,104721,Drama
KimbeBrown1567,104722,Action
WilliGraha2746,104724,Drama
AustiDougl2642,104726,Drama
DominOrteg2459,104728,Documentary
SeanArroy1436,104729,Comedy
TimotLawso1490,104733,Drama
AprilCampb1253,104734,Comedy
MarkBenne1881,104735,Drama
JohnMedin1507,104737,Drama
RandyDavil2103,104738,Horror
JasonBryan1663,104741,Horror
DavidSulli2326,104766,Drama
RoberPears1779,104769,Romance
LisaGarne2750,104771,Action
DonnaGuerr2588,104774,Kids
WalteAnder1423,104775,Arts
BrianDixon2156,104776,Suspense
DianaCarte1348,104783,Action
RonalWilli2243,104785,Action
JoshuMorri2463,104786,Drama
KarenKing2078,104787,Action
LisaPerki1198,104788,Special Interest
KennePitts1797,104789,Comedy
JillWood1839,104791,Comedy
BrianFord1884,104792,Arts
RichaThomp1707,104793,Animation
RoberReyno1852,104794,Drama
JohnnCorte1858,104795,Comedy
StephContr1459,104804,Arts
JuliaRyan1904,104806,Drama
EthanGomez1153,104809,LGBTQ
JadeGraha2288,104811,Drama
ShelbFlore1171,104812,Comedy
ZachaThoma2731,104813,Action
RogerMarti1679,104815,Kids
CalviWhite1865,104817,Special Interest
JoshuHarpe2244,104828,Arts
RusseBarne1571,104829,Drama
JenniCarte1973,104830,Animation
CindyBrown2453,104831,Action
RebecOrtiz2009,104834,Drama
MelisBeard2008,104835,Drama
TayloChamb1568,104840,Drama
AmberMcmah2549,104841,Anime
DanieHart1091,104843,Action
DeannOrozc1916,104844,Comedy
DonnaSteve2849,104848,Drama
MatthRober1817,104850,Comedy
RitaDavis2824,104851,Drama
MargaBlank2511,104852,Arthouse
RoberMolin2766,104855,Arts
JeffrJohns1439,104856,Arts
CynthBaker2924,104859,Action
SarahReid1665,104860,Documentary
AndreThomp1950,104861,Arts
LindsWalke2311,104862,Drama
KimbeHall1408,104873,Drama
JenniSingh1407,104874,Action
NatasHodge2541,104876,Action
RonalMcdon1406,104877,Drama
HenryDunn1405,104878,Comedy
CrystBrown2573,104881,Romance
RyanLeona1455,104882,Horror
JuanHowar2732,104883,Drama
AngelKelly1502,104884,Drama
LisaSmith1740,104885,Arts
ChrisEstra1746,104886,Documentary
RichaMoral2048,104888,Drama
CurtiWoods1232,104889,Action
NichoWilli2592,104902,Action
KaraShaw1483,104903,Action
GinaGonza1383,104905,Drama
GaryMulli1981,104906,Horror
JosepGuzma1822,104912,Comedy
LindaMyers1935,104913,Animation
MadisHuert1690,104916,Arts
RoberSelle1431,104917,Arts
KevinHunte1638,104918,Drama
LeviSmith2426,104919,Drama
DeborJohns1271,104920,Drama
CindySande1412,104922,Drama
BrittAdams2468,104935,Comedy
RoberCooke2087,104936,Drama
ZachaAdams1582,104938,Arts
WilliMack1645,104939,Horror
TraviEvans1033,104940,Documentary
JamesEspin1036,104944,Arts
WilliJacks1369,104945,Comedy
RoberLinds2901,104946,Arts
MichaBisho1655,104949,Drama
StephParke1637,104953,Arts
RebecRoble2730,104954,Arts
DylanFranc2392,104955,Drama
JohnMitch1285,104959,Arts
PattyOrr2295,104960,Drama
JacobHanso2164,104961,Documentary
AmandShaw2119,104970,Drama
MariaGomez2598,104971,Adventure
JesseWilli2548,104975,Drama
MichaWalke2717,104976,Horror
SamanCook2247,104978,Comedy
RoberShepa2742,104983,Comedy
BradlSande1413,104984,Comedy
ChrisCarr2151,104987,Action
KatriAllis1128,104988,Action
GeorgVazqu2600,104991,Horror
JasonJohns2494,104999,Action
ColleBradl1588,105002,Suspense
JeffWong2474,105003,Comedy
SeanHorto1708,105011,Drama
CarolCanno2169,105013,Arts
BeverKing1047,105014,Drama
LesliJohns2577,105015,Action
RichaSolom1536,105016,Comedy
JoyceGriff2674,105017,Comedy
DouglOlson1304,105018,Science Fiction
CatheRoger2071,105019,Action
PatriThomp2749,105020,Adventure
KenneMelto1840,105021,Arthouse
TayloSmith1731,105022,Drama
AaronAndre1067,105023,Drama
KyleDean2239,105024,Suspense
TraviRivas2555,105029,Drama
CarlyRoy2053,105035,Drama
RyanSmith2827,105038,Drama
RichaMadde2497,105041,Action
DerriJones2440,105043,Drama
HenryPeter2266,105045,Comedy
JessiFowle2051,105048,Drama
NoahBrown1178,105051,Adventure
JoshuCain1296,105059,Arts
LynnWood2509,105061,Comedy
WilliHahn1948,105062,Drama
JacobSchne1983,105067,Arthouse
EileeCruz1337,105068,Documentary
DavidCarpe1554,105072,Action
ThomaBradf1961,105074,Drama
OliviRoman1960,105077,Documentary
JeanFlore2066,105079,Action
MaryRojas1959,105082,Action
EllenHerna1835,105085,Action
WandaCarro2614,105086,Comedy
MelisBaile2841,105087,Arts
MiaCruz2227,105102,Comedy
SusanCisne2486,105103,Action
AndreColli2538,105105,Documentary
JanicHatfi2201,105107,Comedy
WhitnJacks2223,105108,Action
ErikWilli1926,105109,Animation
RonalFlemi2606,105111,Action
JohnRicha2084,105114,Action
PatriKoch1609,105115,Drama
RoberBerna2784,105116,Drama
JenniMarsh2783,105117,Adventure
SarahSmith1070,105118,Drama
TylerReed2271,105123,Comedy
RyanGreen2491,105124,Drama
JeremArmst1124,105130,Documentary
JamesStout1954,105131,Drama
RyanWood2339,105133,Documentary
AlexiWilli2367,105147,Faith and Spirituality
MatthCarro1485,105149,Arts
ErikArche1163,105153,Action
CheryMeyer2437,105154,Western
DorisBowma1792,105161,Documentary
LarryHubba1551,105162,Drama
KevinWalte1550,105163,Drama
KevinPerez1393,105172,Action
AmyJohns1392,105173,Anime
JoseBryan1180,105180,Documentary
EthanPatte1014,105183,Drama
KyleDiaz1342,105187,Documentary
StephPeck1415,105191,Documentary
RoberMccul1151,105202,Suspense
RandaMille2762,105204,Kids
SteveMuell1683,105212,Drama
DominAllen1001,105213,Arthouse
MatthRodri2899,105214,Drama
LindsMille2953,105223,Kids
JacobFranc2212,105224,Comedy
AshleWood1850,105227,Drama
RuthManni2807,105230,Western
JessiTaylo2241,105234,Action
SherrJohns1699,105235,Kids
EmilyPorte1681,105254,Documentary
MichaKline2950,105261,Kids
NathaKenne1370,105262,Action
JohnSwans1667,105265,Action
SandrThomp1773,105268,Comedy
JillFergu1861,105269,Horror
DeanOrtiz2822,105271,Action
DylanJohns2895,105274,Documentary
AmandMiran2838,105277,Arts
ChrisPache1657,105280,Drama
JessiCobb1108,105291,Action
GregoWilco1107,105293,Action
DominRobin1148,105294,Comedy
ChrisPeter1106,105295,Documentary
NatalSoto1105,105296,Drama
TinaBarne1147,105297,Action
SheilCantu1215,105301,Action
AnthoSanto1237,105307,Arts
BrittLee1161,105308,Drama
MasonChapm1899,105309,Comedy
KarenRoger1479,105310,Drama
KevinMitch2873,105326,Drama
StephOneal1878,105327,Suspense
RoberOlson2778,105329,Horror
HollyDough1713,105331,Action
ChrisCruz2748,105332,Comedy
MarisIngra2850,105333,Documentary
AllisWilli2157,105335,Faith and Spirituality
BrianPorte2261,105338,International
TonyJohns2697,105359,Drama
HeidiKing2130,105360,Documentary
ThereIrwin2414,105362,Horror
KimbeRamir2764,105370,Documentary
DeborGallo2172,105371,Documentary
RebecTodd1658,105372,Comedy
BeckyRuiz1816,105375,Action
AlanNixon1293,105376,Documentary
JacobSilva1088,105392,Comedy
DavidParso1460,105395,Documentary
SandyJones1231,105397,Comedy
MaryDoyle1943,105399,Action
PaulRobin2540,105403,Drama
KarenBurns1071,105416,Documentary
MelisJohns1480,105417,Comedy
SamanBrook1808,105418,Drama
AnthoQuinn2145,105419,Action
JustiHayes2024,105421,Action
MichaPatte2129,105425,Comedy
DylanBende1543,105428,Music Videos and Concerts
KenneSmith2236,105442,Animation
LisaOrtiz2620,105447,Arts
RoberPears2619,105448,Kids
ChrisMarti2624,105453,Documentary
TylerGlove2623,105454,Horror
BrandWyatt2622,105455,Suspense
JenniRoach2621,105456,Horror
DanieRios2641,105462,Kids
BrianThoma1465,105464,Animation
MicheMoore1545,105468,Action
NancyHayes1023,105469,Action
JosepHardi1962,105479,Western
AlisoHarmo1931,105493,Action
TraviMarti2290,105494,Comedy
KenneBarre1497,105496,Action
AngelRiddl1484,105497,Comedy
JenniRodri1747,105498,Arts
BenjaRoger1421,105499,Action
TylerJones1548,105501,Special Interest
SamanGoodm1806,105502,Horror
KatheBlank1103,105503,Documentary
WilliDunca1265,105504,Comedy
ShannChung2696,105505,Fantasy
RobinSingh2027,105507,Drama
HollyPatri1470,105508,Comedy
SpencGonza1020,105512,Comedy
EdwarCoope1095,105516,Drama
StephSanch1096,105517,Action
KristRodri1784,105518,Action
OmarRomer2806,105519,Romance
AnthoNorri1174,105523,Science Fiction
MonicBraun2195,105532,Special Interest
BethHerna1777,105533,Faith and Spirituality
KellyReyes1404,105534,Science Fiction
ShaneMende1187,105535,International
KaylaSmith1434,105537,Action
BrendWrigh1357,105540,Documentary
JenniAnder2804,105541,Western
LarryLynch1751,105544,Comedy
MichaFerna2369,105545,Comedy
DenisJohns2907,105546,Drama
MelanRamos2705,105548,Action
JanicGreen2449,105565,Comedy
JeanVarga1864,105566,Action
PamelLopez2272,105569,Action
LindaButle2848,105571,Animation
KaylaCline2407,105574,Animation
CurtiMack2568,105577,Drama
JoshuMelto2815,105580,Action
ToddSims2758,105582,Special Interest
BrendManni1893,105585,Action
NichoPerry2428,105587,Drama
ColleNguye2248,105589,Fantasy
JessiRocha1162,105590,Suspense
JoeRodri2464,105591,Special Interest
KyleHaney2831,105595,Documentary
DaveMoral1678,105596,Comedy
MichaHamil1125,105600,Drama
ShawnSmith2411,105603,Comedy
JonatScott1971,105605,Comedy
LisaCarte1776,105618,Arts
SaraJones2602,105619,Comedy
PaulSimmo1787,105621,Action
BrianDomin1947,105623,Action
LoretAlvar2254,105624,Arts
MitchMayo2584,105625,Comedy
LynnMarti1805,105626,Drama
RichaFoste1135,105628,Suspense
RichaMorri1005,105629,Comedy
JoannRobin2052,105630,Science Fiction
JanetHarri1531,105633,Comedy
NancyMann1753,105635,Special Interest
SeanJones1011,105637,Action
RitaHanse2296,105638,Comedy
FrankJenni1695,105639,Comedy
HannaSmith2825,105640,Arts
JamieEllio2949,105652,Drama
JenniRicha2589,105653,Drama
ArthuBarne1951,105658,Documentary
DonnaPatte1495,105660,Drama
DonalPage1642,105661,Comedy
LatoyMata2636,105662,Comedy
DanaHall1770,105664,Drama
JasonGreen2879,105665,Horror
AnthoAnder1061,105667,Arts
JoshuCampo1741,105686,Action
MargaJense2461,105688,Action
JessiHurle1857,105689,Animation
GloriBlake2153,105690,Documentary
JoseRoss1618,105692,Drama
DuaneGomez2079,105694,Action
AnitaCarte2430,105695,Arts
RoberGutie1104,105696,Drama
DanaMille1914,105702,Arts
RicarBonil2925,105703,Drama
JordaSharp2208,105706,Drama
MariaWong1801,105707,Action
ConniRamir1299,105709,Action
JesusCarte2097,105710,Comedy
JamesSmith2020,105711,Animation
BradDrake1831,105713,Animation
ChrisDanie2196,105714,Documentary
ChrisRay2495,105715,Animation
AutumColli1647,105718,Action
DesirFitzg1250,105719,Drama
MoniqHanse2442,105720,Documentary
ConnoStewa2190,105722,Action
SeanPerez2945,105736,Action
CarlaHarri1771,105737,Comedy
LisaWagne2665,105739,Drama
KristBlack2664,105740,Comedy
SeanTurne2663,105741,Action
GeorgVang2957,105743,Faith and Spirituality
BeckyHogan2670,105746,Animation
JeremMcdon2640,105747,Horror
MichaButle1661,105748,Arthouse
MatthBaile2391,105749,Animation
ScottVasqu1541,105751,Action
ChrisSmith1823,105793,Comedy
MichaAshle1344,105796,Arthouse
RoberCox1303,105798,Adventure
MichaDavis1714,105799,Arts
LauriDonov1844,105805,Drama
CharlRomer1186,105809,Arts
KarenHerre1979,105810,Action
JamesMason1978,105811,Kids
MarioJones1620,105816,Arts
JeffrFerna2184,105817,Kids
AndreTaylo2956,105818,Documentary
RacheTaylo1648,105819,Horror
LisaMacia1800,105820,Documentary
MaxweJones2816,105821,Animation
JamesPark2088,105822,Kids
LarryWilli2906,105831,Comedy
AnthoGreen2740,105832,Drama
AnthoMarti2579,105833,Drama
RichaWater1556,105842,Action
BenjaColli1710,105843,Arts
EthanYoung2823,105847,Drama
MarviAnder1798,105850,Anime
JuanMarti1932,105851,Comedy
SharoThoma1160,105852,Arts
MarkStewa2752,105853,Arts
TracyThoma2916,105855,Comedy
MatthBrown1496,105865,Drama
AmyCamac1991,105866,Horror
JamesHopki2557,105879,Drama
AndreWilli2226,105880,Action
RichaBarke1082,105884,Drama
JamesTate1290,105887,Action
KatheMeyer1846,105890,Action
MelisMcbri2292,105892,Comedy
AndreNguye1793,105893,Drama
MollySulli1745,105894,Documentary
DenniBarne1546,105925,Arts
ElizaNguye1193,105926,Documentary
TimotBarne1701,105927,Documentary
DonalLewis1559,105929,Documentary
LawreSmith1429,105933,Fantasy
CatheWilso1345,105935,Action
DenisCasey2215,105936,Action
MarkHanco2797,105938,Drama
JasmiBisho2795,105942,Action
RonniMccon1301,105943,Adventure
ScottSmith2230,105945,Documentary
KyleMarti1442,105946,Horror
KellyYoung1441,105947,Action
MarisOwens2303,105949,Comedy
SaraCruz1524,105950,Comedy
LukeCarr1785,105951,Action
WilliGonza2896,105952,Drama
MicheHende2862,105953,Comedy
BradlBeck1632,105955,Arts
AlecBanks1381,105956,Arts
CraigMedin2532,105960,Horror
FrankMcdon2445,105961,Drama
JimmyThomp1687,105963,Animation
PhiliTurne1938,105964,Fitness
ChrisAnder2045,105966,Horror
AshleChave2001,105967,Documentary
MaryShort1635,105968,Special Interest
RickyGray1560,105969,Comedy
NathaAtkin1488,105970,Comedy
SueMille1892,105971,Arthouse
PamelChen2894,105972,Action
MarkLandr2002,105976,International
MelinFlore2258,105980,Comedy
ChadDiaz2257,105981,Drama
KyleJeffe2255,105982,Documentary
MauriHughe2077,105983,Animation
KevinTorre1900,105989,Comedy
JeromTaylo1243,105995,Arts
LauraSchwa2286,106003,Comedy
JilliMurph2571,106005,Western
KaylaRamir2089,106006,Action
JacquCoope2652,106009,Drama
WilliDavis2793,106012,Action
AlexPeter2025,106014,Horror
CynthBrown1619,106015,Comedy
TinaMitch2725,106016,Drama
SamanDean1532,106028,Comedy
BrandSulli2927,106031,Action
VirgiKnox1389,106033,Kids
KenneHardi2672,106034,Drama
BenjaGonza2334,106036,Drama
TeresClay2693,106042,Action
ElizaCox1335,106050,Drama
LisaSanch1711,106051,Action
StanlLeona1664,106055,Drama
AutumTorre2105,106056,Kids
ConniNguye1450,106058,Arts
JeffrBrown1602,106059,Drama
RichaRoss2958,106061,Arts
PaulHunt2569,106062,Music Videos and Concerts
RonalAnder1706,106063,Drama
SamueSnyde1680,106064,Kids
SethBradf1310,106081,Drama
AlexaDavis1616,106083,Comedy
CarlJense1925,106085,Drama
CarriAcost2946,106087,Arts
JosepHill1149,106088,Fantasy
JessiWood1010,106089,Drama
AaronWeiss2366,106092,Arts
AllisRodri1336,106093,Horror
JamesHayes1295,106094,Action
AmberJense2458,106096,Drama
LynnMcbri2004,106098,Arts
AdriaFreem2884,106100,Comedy
SamanSchmi2756,106112,Arts
CassaCampb1676,106114,Animation
ElizaJosep2098,106116,Drama
EdwarCampo1286,106117,Western
JamesCamer1889,106119,Horror
BrendVasqu1341,106121,Special Interest
AllisColli2466,106122,Animation
SamanGould2350,106124,Western
JodyOlson1040,106125,Action
TylerConne2635,106126,Arts
RyanBraun2194,106128,Suspense
SarahLiu1847,106129,Arts
JasmiStoke2813,106130,Action
BrandSpenc2866,106131,Action
