Username,series_ID,genre
ShellHopki3307,100339,Horror
JeremArnol2976,101855,Documentary
VictoTaylo3240,101650,Arts
LaureAlexa3132,103302,Horror
MarkEdwar3885,104763,Drama
KristBrown3798,104637,Documentary
ConniLewis3262,102090,Comedy
ChrisHunt3813,100038,Drama
DawnTaylo3205,105290,Arts
ElizaKing3727,101396,Drama
CharlBryan3027,104085,Comedy
MatthZunig3470,105273,Action
NicolHenso3521,105259,Suspense
RandyRay3029,103688,Drama
TimotLee3540,103056,Comedy
TeresRusse3446,102869,Kids
NoahMays3653,100155,Drama
FelicMcint3654,100154,Animation
JeremMay2965,101624,Animation
JamesHughe2966,101623,Action
DianeSimps3349,100015,Suspense
AnnaMarti3528,100004,Action
JeffeEvans3781,101128,Documentary
AshleClark3626,103827,Arts
PamelDonov3049,105514,Comedy
CandaGutie3604,100387,Kids
JackNavar3151,105806,Drama
MicheHarri3808,106127,Fitness
AlyssRuiz3082,103250,Action
PatriMcfar2974,102007,Action
SteveDay2984,104480,Drama
JacobLopez3281,101741,Documentary
TammyMarti3466,103343,Animation
KelseJohns3451,103085,Arts
MatthMccon3460,101533,Documentary
JasonGilbe3235,105150,Drama
AnthoLivin3534,105521,Drama
MarkMedin3775,105264,Drama
WesleLarse3370,102632,Drama
BrandHorn3017,103454,Action
EllenFerre3321,101560,Action
SusanOlsen3378,102587,Arts
ErinRoth3876,103884,Special Interest
AshleHerna3226,104257,Comedy
AprilMarti3011,104400,Comedy
MeghaFrazi3234,103888,Action
TiffaPaul3150,102113,Action
HannaFarme3797,103490,Arts
JasonNicho3508,105070,Horror
KarenNunez3619,105348,Romance
KarenCosta3436,100920,Horror
AmandBrown3754,101552,Suspense
MelisHall3825,104273,Arts
CarriWashi3549,105857,Drama
NatasClark3755,103637,Drama
LindaLopez3560,105934,Western
DavidHolme3812,105723,Action
EdwarRamir3258,101336,Drama
ConnoFarme3463,100639,Drama
CassaSteel3160,101393,Drama
JeremWilli3483,101694,Drama
AdamJones3484,103383,Documentary
BrianMoren3796,100297,Action
VictoYoung2964,101655,Arts
NichoJacks3047,101385,Action
EricJones3750,101269,Comedy
WendyHuffm3877,100325,Arthouse
AliciWilso3766,101962,Action
GaryBolto3306,104169,Drama
KatheBoyd3537,101402,Drama
MigueSteve3064,104977,Animation
DianaLawso3469,103169,Romance
BrittWebb3386,103054,Drama
JoseCruz3046,100546,Drama
NancyTaylo3208,105349,Comedy
KimbeAlvar3681,105181,Drama
KevinSteve3520,102064,Special Interest
AmberWatki3237,105655,Comedy
StephKim3794,102304,Action
GeorgLarso3819,102768,Action
ThomaJones3093,102743,Arts
AmandMccon3761,102218,Action
GabriJohns2989,101671,Drama
KevinDuran3671,100790,Arthouse
DouglClark3592,101759,Drama
ThereHill3777,103378,Horror
SteveSanch3276,103643,Action
TiffaMasse3069,105126,Horror
SheliCrawf3130,103468,International
AustiFox3180,101879,Documentary
MariaJohns3668,104875,Action
AnnGriff3873,105495,Comedy
BrianWebst3878,103681,Horror
KristHamil3144,100098,Comedy
JesseLopez3022,105584,Horror
DanieDougl3291,100083,Comedy
KristChang3387,102321,Horror
BrandDavis3497,102157,Drama
MelisWhite2981,101430,Documentary
JessiRober3305,101068,Documentary
MadisGarci3717,102231,Horror
TeresJones3476,103109,Drama
SandrBlair3311,104028,Suspense
SaraFergu3351,103149,Comedy
KaraRobin3371,100681,Comedy
StephGreen3641,105564,Comedy
BrandWalsh3860,104312,Comedy
EricReyno3198,103231,Documentary
JonatWilso3869,102872,Horror
GeralShea3071,104519,Documentary
ErikMcgui3083,101417,Kids
BryanWilco3710,102293,Drama
EvanBurto3253,105602,Drama
JasonMille3728,103329,Documentary
JamesLawso3350,102074,Arthouse
BrandDonov3080,103613,Animation
KellyHarri3236,105446,Comedy
RyanPeter3352,101355,Documentary
PatriLopez3843,102792,Special Interest
ManueBucha3580,103259,Arts
KatheGilbe3533,104321,Drama
PaulColem3002,101528,Suspense
KariBaker3127,103970,Animation
JessiOdonn3899,102744,Comedy
JosepReese3734,102070,Comedy
MichaHicks3037,101853,Drama
ScottFitzg3479,104931,Documentary
JudyCarte3023,101243,Drama
SeanMerca3792,101693,Kids
JaneSmith3040,104986,Action
MelisFerna3883,104673,Horror
TrevoSanti3741,103382,Documentary
WendyRusse3133,103272,Documentary
LindaSmith3622,105028,Adventure
JenniWyatt3005,103840,Documentary
SamanWest3030,102809,Animation
RodneCalho3035,103014,Suspense
EricMayer3214,102968,Special Interest
JohnAceve3268,102126,Drama
WilliHiggi3565,102384,Drama
TammyHill3648,102055,Action
TraviSamps3700,103893,Action
AndreRober3715,101952,Arts
StaceJacks3773,100317,Drama
TammyMaldo3820,104622,Action
DrewGray3657,104934,Drama
MichaBridg3099,100093,Drama
JasonColli3056,104639,Drama
TylerWilli3477,105037,Special Interest
MichaReyes3568,104031,Western
LoriSawye3179,103166,Kids
LoriBrown3637,102308,Horror
AlexaChris3215,102875,Drama
FelicMcgee3493,105298,Special Interest
DavidHarpe3182,102547,Animation
SophiJohns3314,101340,Action
AngelTaylo3784,101717,Arts
MeagaDanie2973,102154,Drama
ThomaNicho3440,100479,Arts
LindsReyes3729,101950,Horror
TrevoCook3572,102100,Drama
TonyaClark3102,104285,Horror
MichaRober3697,102358,Western
JosepRicha3494,100391,Action
DanieRober3886,101615,Documentary
RoberYu3455,103025,Action
FaithVasqu3096,101384,Action
SharoTucke3260,104328,Drama
ChelsAdams3659,101909,Action
JessiFerna3871,103270,Science Fiction
MorgaCombs3059,100750,Romance
EdwarRosal3108,103066,Science Fiction
AllisLewis3669,101474,Drama
RoberLane3032,104023,Military and War
WilliThoma3109,101395,Drama
ColleLee3095,102152,Drama
JaneStron3547,102699,Documentary
NatasEllis3014,101861,Suspense
ZachaMoren3146,104635,Comedy
DawnSmith3354,105671,Drama
SarahMarsh2987,105400,Action
TylerHarpe3800,104808,Arts
RonalGray3391,101619,Drama
DavidDelac3620,102215,Drama
KimbeKing3420,105325,Arts
KenneWheel3007,102528,Horror
AndreVaugh3034,102402,Comedy
JaimeSmith3564,105803,Arts
WilliLopez3501,104992,Horror
SandrRyan3228,100125,Drama
GarreWalls3481,105568,Suspense
DeanTorre3567,102137,Action
KristRiley3264,100489,Drama
JenniStewa3332,102071,Drama
ChrisBeck3780,100531,Drama
AnnaNguye3169,103877,Drama
JeremRamir2990,106045,Horror
RacheRay3868,102994,Drama
WilliAguil3231,105593,Action
EugenEllio3498,103690,Drama
NatalMeyer3756,103928,Adventure
CharlWatki2995,104437,Drama
ConnoVega3639,102842,Drama
JessiWilso3674,105824,Comedy
DouglMckin3535,102765,Documentary
HollyFlowe3145,104969,Action
TeresScott3772,104985,Documentary
LaureButle3701,104571,Drama
DonalCochr3309,105039,Drama
EileeTaylo3283,105828,Horror
CharlSween3790,103244,Kids
ThomaTrevi3722,100020,Comedy
WendyMonro3084,104168,Action
JohnThoma3077,101278,Comedy
SteveCoope3286,104764,Action
JamesFulle3678,105663,Documentary
BrandFergu3578,100994,Arts
MartiSteph3430,106103,Kids
BryanUnder3708,101227,Drama
CurtiJohns3745,100903,Arthouse
PatriFlore3143,102628,Drama
JoeMarti3271,103356,Action
JulieAdams3677,101364,Drama
LisaBeard3448,102977,Arts
AllisJones3891,102963,Documentary
RyanSulli3746,103492,Action
PaulCruz3718,101144,Adventure
WilliHunte3269,102185,Drama
PatriGomez3822,103633,Action
WilliBenit3070,100109,Arts
ChrisDiaz3613,101357,Kids
TaraHorn3491,103686,Comedy
LisaJacks3684,104366,Arts
MelanWalte3124,103691,Comedy
JamesSmith3846,102219,Action
KevinHarri3607,104409,Comedy
ErikKhan3016,101350,Drama
JakeHolla3185,105515,Music Videos and Concerts
JustiMurph3374,104777,Horror
AnnetMacia3410,103034,Action
LuisCox3464,102822,Action
KenneHendr3487,105355,Comedy
SharoCamer3575,104163,Action
KatheJohns3726,103035,Action
MatthWard3570,100287,Comedy
EricHende3628,103865,Documentary
XavieGraha3361,103253,Drama
RaymoFrye3128,102487,Action
BrianJacks3804,104846,Fantasy
ElijaHughe3045,100255,Drama
ReneeAlvar3606,104998,Arts
JoshuJohns3658,104377,Comedy
RaymoDonal3503,100628,Comedy
BrettBell3551,102474,Documentary
SarahPerez3105,102709,Special Interest
JohnLopez3617,102581,Action
EricBaxte3457,104144,Action
RichaMille3867,103287,Comedy
NicolMille3200,103193,Action
EthanWilli3076,105100,Documentary
TammyOrtiz3323,102796,Animation
JasmiMeado3409,102814,Drama
MichaSmith3749,101481,Documentary
KaylaGarre3407,102817,Drama
JuanHines3627,103944,Arts
GaryRoy3275,104947,Action
JenniHerna3829,100687,Documentary
JacobMorri3655,104033,Comedy
JordaAnder3765,103465,Comedy
BrittHerna3760,100112,Western
TerriMarti3865,101989,Comedy
MariaJohns3863,100005,Drama
YvonnCobb3114,101509,Animation
MaryMarks3449,102993,Special Interest
JessiCruz3001,104858,Kids
HaleySande3250,101712,Drama
SamanRicha3699,101709,Drama
KaraDixon3524,102661,Horror
KristLopez3803,100523,Action
HeathJacob3139,100685,Action
NicolReyes3393,104899,Documentary
CodyMille3811,105078,Documentary
AngelWagne3489,105886,Kids
NathaPerez3541,102125,Action
KathePeter3458,100863,Arts
HeathMcint3282,105651,Action
MichaSmith3693,103696,Romance
GaryHuff2993,104123,Arts
KrystWelch3154,104297,Documentary
LoriShepa3424,100670,Animation
RalphRosal3888,103885,Animation
DerriWeave3229,103861,Comedy
MichaWrigh3847,101755,Action
KristBush3348,101376,Drama
HeathCole3757,104258,Action
StephHarri3418,103029,Action
DanieHayne3341,100009,Comedy
BrittRamir3362,105594,Drama
SeanBrook3036,100016,Documentary
ColliParke3335,105543,Drama
TinaHayes3085,100100,Documentary
PatriAtkin3324,105209,Drama
AllisJenki3776,102462,Action
PaulaTurne3889,103788,Drama
MichaHolla3698,103609,Drama
ChrisFaulk3817,105258,Action
PatriEvans3645,102473,Horror
ThomaStewa3122,103364,Documentary
CarolHorto3553,102667,Arthouse
MelisPerki3379,102247,Suspense
TroyWilli3649,102529,Kids
JenniChris3317,105844,Documentary
JodiCerva3251,103554,Documentary
BrendVaugh3529,102159,Comedy
WilliRodri3176,104385,Horror
NicolWilli3629,101228,Science Fiction
MichaMorga3025,102827,Drama
KaitlHarri3385,104648,Documentary
TiffaBridg3115,105693,Arts
PeterJimen3748,103901,Arts
CarlaAnder3196,101573,Documentary
PaulHines3425,100668,Animation
MorgaNicho3525,101175,Special Interest
EricDavis3171,106101,Special Interest
RebekSilva3209,100441,Arthouse
MackeScott3004,101170,Arts
OscarTerry3432,101580,Action
DominReill3353,105641,Horror
JosepMille3555,102135,Documentary
AaronReyno3633,100473,Documentary
LaureBenso3172,102332,Kids
AmyLee3376,105563,Drama
MichaColem3485,104132,Arthouse
SamueAllen3795,102876,Drama
JimmyPerry3866,105729,Animation
MariaLee3666,104203,Comedy
WilliGarci3874,103887,Action
KimWeber3327,101182,Action
MichaHunte3194,101907,Science Fiction
NichoFranc3188,103471,Horror
AdriaFlore3294,105207,Western
ChrisWest3319,102330,Action
AllisJones3121,104351,Suspense
JulieDicke3634,100322,Drama
AmyNicho3900,105155,Romance
LisaShort3051,100121,Drama
RhondHodge2991,103674,Action
HollyGutie3858,103693,Suspense
ThomaMille3689,103223,Drama
AnthoWalto3024,101865,Comedy
MarcPatte3106,101849,Suspense
JenniWilli3279,100077,Romance
MicheHuff3396,105350,Action
JuliaChris3500,101456,Drama
RebecKhan3505,103112,Documentary
SharoWong3656,103965,Drama
KarenMorri3696,101848,Documentary
DavidJohns3828,102410,Documentary
AprilMolin3831,101458,Drama
TammyGrant3838,100220,Drama
KathrGonza3840,100998,Comedy
JustiAtkin3381,102213,Comedy
AaronDougl3330,102881,Action
DavidCruz3204,104127,Drama
JulieNicho3373,102400,Comedy
JoHenso3310,103999,Drama
TiffaPotte3783,103932,Documentary
CatheOrr3602,101758,Action
ScottFigue3388,101464,Action
KristColli3542,102663,Arts
JessiCoope3357,102612,Comedy
DanieSuare3138,102670,Kids
LisaCarte3263,103807,Adventure
JessiCruz3625,105030,Kids
AnnCarpe3474,101431,Romance
AprilPerez3195,103131,Suspense
CarolDavis3164,105870,Comedy
AmyWrigh3065,103966,Horror
VictoWells3557,105708,Drama
LuisBrook3401,102350,Comedy
DavidJones3155,100386,Comedy
JeffeJacob3492,103130,Horror
MichaRobin3884,102003,Horror
CheryBlack3167,106038,Suspense
JosepHerna3157,105570,Action
VeronEwing3012,105538,Kids
StephPined3691,104816,Action
MaryBrown3611,100663,Drama
SusanHowel3057,103802,Suspense
AshleBurke3815,105672,Action
AmyMacia3739,105160,Documentary
ThomaVance3400,105940,Comedy
ReneeWade3881,105306,Documentary
BrandThomp3193,105728,Animation
KatelCruz3841,103037,Drama
KellyWilso3175,105656,Action
DenisJones3325,102921,Comedy
JeffrMende3423,102658,Horror
AndreShaw3414,100566,Comedy
JasmiCrawf3439,103645,Drama
ShawnSchne3774,100511,Kids
SarahObrie3364,100002,Animation
BarbaDavis3880,101685,Action
KenneEstra3839,105119,Documentary
JulieHarmo3344,100367,Comedy
JohnMay3220,100274,Documentary
BrianReed3582,103809,Horror
DenniRodri3824,104274,Action
ToddPeter3591,102067,Drama
FredCox2961,101718,Action
KarenBower3346,101723,Comedy
ElizaDavis3672,101722,Arts
TimotBrock3743,101719,Horror
HeathStone3159,100161,Comedy
DanieJenki3178,102418,Documentary
AngelNguye3242,100549,Action
ScottWilli3495,102737,Animation
KyleAdams3816,102805,Documentary
LisaRuiz3062,105586,Animation
RichaHurst3786,103614,Action
ChrisHendr3443,104663,Drama
ShannCowan3758,106095,Drama
JoshuAlexa3162,104674,Romance
AlisoMcnei3413,104275,Action
DouglNelso3894,101349,Drama
MargaSande3158,100870,Adventure
BrentHill3252,101747,Comedy
ElizaCraig3337,103559,Drama
MaryGaine3821,105398,Documentary
HaleyDixon3836,104317,Action
TimotHamil3584,104993,Action
ReneeHart3571,104142,Comedy
LouisMoore2967,103376,Romance
ScottSimon3340,105275,Documentary
ChelsPrest2992,105889,Documentary
EdwarGriff3523,103822,Drama
AngelArche3186,104291,Comedy
DouglNicho3135,105724,Action
JamesAyala3338,101949,Comedy
MichaCamer3752,106090,Special Interest
CynthProct3605,105351,Documentary
JesusCalde3278,103438,Action
CoreyFrost2969,103962,Horror
DannyCarri3038,103220,Arts
LauraFrank3058,103445,International
KristRobin3081,103123,Western
AmandGarci3086,103280,Comedy
RhondSmith3087,101187,Comedy
ScottLee3141,103222,Action
BethSchwa3243,100381,Drama
KevinMeado3290,103386,Drama
DonalNixon3382,103689,Action
TimotHorn3417,103475,Animation
JoshuTaylo3450,100050,Drama
CurtiWeiss3507,102307,Drama
ScottValde3522,101697,Action
MiranRojas3573,101994,Arts
LauraLopez3590,101673,Comedy
TimotBrads3598,100540,Comedy
ElizaRoss3601,103441,Documentary
DylanMurra3603,103122,Action
RacheFletc3661,103120,Arts
AmyEspar3676,103121,Kids
JessiKelly3730,103221,Arts
AudreOrtiz3732,100040,Kids
CheryWater3735,103402,Special Interest
JohnLogan3770,103446,Drama
AndreSteel3791,100041,Action
KimbeReed3882,100051,Special Interest
MiranReyno3468,105281,Drama
TammyScott3685,104401,Drama
ReneePhill3872,105288,Kids
AshleKing3621,100738,Documentary
JacobChave3230,102405,Action
MaryFergu3003,101405,Horror
KaitlMcbri3751,105567,Drama
KatheWilso3224,101531,Drama
TammyEdwar3673,103374,Comedy
JustiDiaz3744,105458,Kids
AlexaMille3207,100749,Drama
AbigaSmith3166,104853,Action
MichaJacks2968,103043,Horror
MaryHamil3273,101548,Special Interest
BrendPotte3119,103780,Comedy
TanyaParke3583,102094,Comedy
KeithBurke3827,104175,Arthouse
JohnStewa3428,105423,Suspense
AustiBryan3367,103868,Comedy
ChrisJohns3061,102319,Documentary
JeffeWilso3636,102728,Comedy
SharoCurti3110,103926,Comedy
GregoWalla3104,101506,Comedy
JohnCleme3246,101544,Horror
SamanCarte3356,100426,Drama
RoberRyan3192,103314,Comedy
JonatJames2985,104479,Special Interest
MonicWilli3191,101372,Arts
ErinThomp3206,103050,Horror
JenniWalte3308,102954,Action
AmyDicks3600,104677,Drama
JessiMitch3646,102978,Documentary
ShawnReyes3687,100221,Action
DebraMorri3704,104164,Documentary
EmilyRoger3632,100856,Animation
JohnGutie3837,104252,Comedy
NicolLong3329,105151,Action
CarolBrook3190,101484,Action
MonicColem3801,100629,Drama
MarySmith3679,105058,Drama
ChrisDavis3618,100525,Kids
RichaClark3434,100521,Horror
LindsMaddo3101,104017,Action
MarkMorri3589,100110,Drama
PhillHawki3462,102985,Drama
LauraHale3890,103783,Arts
PatriKraus3292,101275,Comedy
VirgiSmith3312,102600,Arts
ChrisHowar3383,103053,Drama
TimotAguil3721,103174,Kids
KevinJohns3576,105520,Kids
SuzanMatth3733,102526,Action
JohnMitch3333,102226,Drama
ScottGilbe3805,103379,Drama
MichaColli3339,102839,Comedy
GlennReed3347,101594,Drama
AmandCasti3814,100033,Drama
LisaBrown3465,103482,Adventure
NicolLewis3272,102161,Action
BrandMejia3543,102141,Action
ChrisJones3712,102054,Drama
JonatTaylo3107,103785,Horror
RichaDavid3358,104313,Documentary
SteveMyers3597,101517,Drama
DerekMccon3015,103283,Comedy
RyanDrake2970,101479,Arts
LeonaReed3148,101480,Action
JessiBrown3042,103288,Comedy
MelisSmith3566,105845,Drama
JustiGrant3395,102347,Action
MelisWrigh3536,102069,Fitness
LauraGlenn3316,105721,Action
RobinEllio3787,100392,Arts
GregoMarti3855,103856,Arts
LisaJohns3694,100877,Music Videos and Concerts
CamerSmith3852,102081,Arts
ZachaTravi3415,104968,Action
KelseConwa3438,104849,Action
FredeHerna3406,102918,Action
RichaMarti3298,104202,Adventure
CraigSimmo3615,101085,Drama
VictoRich3043,101707,Documentary
ChrisWhite2978,103853,Arts
JamesMccor3203,105356,Arts
JohnMatth3293,103046,Documentary
MelisGates3539,101751,Comedy
ThomaMorri3360,105201,Comedy
BrandBrown3094,104055,Kids
RodneTaylo3300,103205,Comedy
MatthCross3322,101214,Drama
BrianSalaz3033,103683,Kids
MarkRamse3480,104130,Romance
ThomaRodri3297,103256,Action
RonalMende3714,104486,Drama
KimPerry3723,102149,Action
HannaSchul3052,101444,Comedy
SherrBlack3514,103107,Drama
VictoPhill3009,100891,Drama
KarenMonte3165,105813,Arts
KentBurge3762,103824,Action
ElizaEvans3609,102527,Horror
AnthoLewis3098,105854,Action
BrianWalte3137,102873,Action
ScottSwans3375,105104,Comedy
RichaHende3013,103239,Drama
BrianBurke3225,104640,Drama
MichaMorri3380,102554,Comedy
AndreJense3879,105801,Drama
BrandDorse3197,104950,Action
NicolNeal3835,104847,Drama
JakeThomp3682,103424,Suspense
TeresHogan3403,103331,Adventure
JulieJorda3675,105812,Kids
LindsWest3018,103701,Arts
DebbiVega3118,103898,Arts
DeborHanse3304,100323,Documentary
FelicBarne3441,101738,Comedy
RoberSmith3447,105031,Drama
MicheHowar3288,102109,Action
MatthMarqu2982,101339,Drama
BrianRoy3267,101918,Action
KathrObrie3427,101092,Action
JoshuWest3313,103048,Comedy
SteveMorri3397,104495,Comedy
ShellDyer3511,105158,Horror
MicheScott3530,104131,Comedy
MichaBoone3753,105579,Drama
JeaneNorma3398,103795,Drama
DanaWells2960,101488,Arts
ChrisLee3779,104080,Comedy
NichoMille3830,102984,Suspense
TinaSolom3295,102520,Action
LuisAllen3512,101381,Comedy
HeidiFowle3402,101493,Drama
SteveLee3742,103328,Arthouse
BridgWilso3716,104717,Romance
StephReyes3475,104488,Drama
KarenHammo3247,103186,Comedy
JanetWilso3526,100185,Action
DerriBurns3026,101780,Documentary
JonatBauer3608,104653,Action
RonalMarks3559,104842,Special Interest
NicolWalke3587,105175,Comedy
ElizaPhill3488,101612,Drama
AnthoWang3652,103903,Drama
RacheBerge3149,105445,Kids
ErinGuerr3227,105279,Documentary
StephCox3039,100786,Horror
RickCampb3433,101094,Comedy
SeanMorto3737,100621,Horror
DebbiMille3594,105878,Music Videos and Concerts
CarriHoope3008,105924,Comedy
JessiAnder3599,102065,Action
TammyLewis3771,101126,Documentary
RyanMontg3473,102509,Action
JakeCanno3809,102938,Drama
MichaPerez3156,105232,Drama
BrendWalsh3826,100272,Drama
JessiVasqu3705,102034,Documentary
HollyBrigg3000,101761,Horror
EricaGarci3336,101874,Comedy
JoshuMarti3419,102980,Comedy
BillyMyers3759,102481,Drama
KathyGuzma3897,100881,Comedy
KyleMcgui3844,100548,Comedy
RebecJohns3140,100666,Documentary
TracyFinle3435,101620,Romance
MaxweAtkin3513,103808,Horror
JamieChoi3239,101183,Drama
StephMcdan3785,104133,Drama
KelseJohns3853,103634,Documentary
CharlPerez3328,102629,Anime
AaronGarci3720,102467,Horror
RebecDougl3623,103041,Romance
EddieDurha3342,105510,Action
NichoBaker3296,102519,Kids
JasonAnder3640,101923,Arts
KaitlJense3232,104605,Documentary
PaulTorre3563,104414,Kids
NathaPerez3088,102136,Animation
AndreStark3558,105174,Arts
ChrisMarti3280,103352,Comedy
EricaWilli3054,104703,Comedy
BrianSchne3550,101230,Drama
EricField3663,102397,Horror
RichaSteph3256,102460,Suspense
JamesLewis3404,102927,Arts
DaniePalme3554,100513,Drama
EricaHarri3072,105001,Action
RichaScott3255,105807,Action
JessiWong3707,101616,Drama
KatheBurch3456,102999,Action
LeroyGarci3552,103051,Action
TylerJohns3452,104382,Documentary
LisaGonza3079,102401,Action
MatthJosep2979,105676,Comedy
MichaRyan2996,102697,Kids
SabriDixon3561,102179,Suspense
PhillWilli3546,103625,Special Interest
PamelRoger2997,104289,Documentary
EricMarti3856,103484,International
RobinCoope3031,100969,Special Interest
HannaRamir3177,101477,Drama
SabriJones3519,103013,Arts
PatriMulli3577,104058,Comedy
ShannKnigh3103,103088,Drama
JoshuDanie3509,102294,Arthouse
JuliaMurph3068,104814,Science Fiction
WandaCox3782,104739,Special Interest
EricaDonov2994,103506,Comedy
SandrCarte3211,102022,Arts
KaylaGonza3545,102966,Action
JuanBall3807,103839,Fantasy
TracyHutch3709,104778,Comedy
KrystMcmah3767,101521,Drama
AnnDean3326,103611,Action
RonalMills3097,103209,Action
MicheStone3610,101515,Action
CarlJohns3221,100264,Action
MicheMoore3222,103080,Drama
EmilyWilli3184,105027,Comedy
ChrisAndre3320,105592,Drama
MelisLawso3864,103818,Suspense
WilliHarri3875,100618,Drama
LisaTyler3075,101433,Kids
ToddWatts2986,102043,Documentary
KenneSkinn3444,102256,Arthouse
MeganWest3490,102259,Action
AlexiVance3028,105083,Horror
JamesHoove3467,104484,Action
AlexaPhill2963,105101,Comedy
JosepVasqu3898,105659,Action
AngelJohns3048,102230,Comedy
LisaGeorg3660,101478,Drama
LaureColli3041,102523,Science Fiction
LisaJames3408,105252,Comedy
ShaneGross3510,102009,Drama
JanetProct3643,100277,Drama
JimmyWrigh3595,100831,Drama
ThereJacob3067,102791,Arts
JordaNelso3453,105687,Comedy
WilliJohns3724,102589,Action
SamanWatso3416,105539,Drama
JermaRiley3355,105576,Arts
NatasMorri3412,102677,Kids
JeannClark3389,102610,Comedy
DianeKelle3152,104262,Action
EricaBarke3517,105673,Action
CrystRusse3257,100727,Arts
ErinEllis3725,101556,Animation
EricHarve3245,104380,Documentary
AndrePined3066,103011,Horror
PaulaVaugh3078,100897,Romance
DavidWrigh3153,103841,Fantasy
JessiParke3544,102013,Suspense
SarahWiggi3574,103957,Action
ChrisHarpe3585,103687,Comedy
NicolPerry3581,101840,Animation
JessiParke3506,104201,Arts
WilliJohns3019,101232,Comedy
ChrisTorre3769,100921,Action
JohnWolfe3218,100276,Kids
SuzanCrawf3870,103284,Comedy
DanieGrego3411,101356,Documentary
DavidWilli3593,103608,Kids
DouglCastr3851,104845,Action
EdwarBlack3538,103369,Western
JoelJones3849,101378,International
DawnJones3895,104646,Drama
SarahPrice3125,103467,Drama
JorgeKelly3384,103345,Comedy
JosepSchne2959,101999,Action
BrendFulle3859,100026,Western
DamonGarci3399,102010,Drama
TimotBryan3531,100759,Comedy
GeneMunoz3074,105669,Documentary
NinaHarri3486,103652,Special Interest
RoberRodri3120,104404,Drama
DavidMorto3472,103370,Special Interest
BreanFletc3217,100278,Animation
JesseLewis3861,105868,Action
DavidSnow3516,104952,Action
ElizaBurto3556,103083,Arthouse
JenniDavis3429,104143,Animation
PhyllGreen3131,103404,Animation
BradlCantu3073,101224,Drama
MichaHale3680,102649,Action
MichaHall3713,105581,Drama
NicolAnder3216,100096,Drama
JustiPhill3690,103836,Action
JessiHall3259,104368,Adventure
BrittMurph3706,100675,Arts
KarenCarri3377,100676,Comedy
NichoMurph3405,105413,Suspense
MaryHowar3532,103943,Comedy
WesleKlein3614,101934,Arts
MichaMoore2998,104773,Arts
DustiOwens3277,101908,Arthouse
AmandThoma3471,105700,Documentary
MichaReese3345,101725,Horror
KarenReeve3063,105113,Arts
HannaJohns2972,104810,Comedy
HenryRodri3123,101536,Drama
CurtiWatki3635,102360,Horror
StephSchul3289,100512,Action
JessiPeter3793,103086,Special Interest
JenniJohns3053,105302,Horror
AllisClark3887,105289,Horror
EmmaPhill3299,102228,Comedy
KevinSmith3631,101698,Documentary
RebecSimmo3683,103781,Documentary
RoberSpenc3588,104904,Documentary
DanieMeza3266,102224,Documentary
TylerSmith3392,103562,Drama
CindyWeiss3478,100534,Animation
JeffrWalke3527,103882,Drama
DavidBerry3315,100533,Drama
AdamTerry3454,103072,Kids
JasmiMitch3692,102045,Suspense
ErinDeleo3862,101167,Romance
BryanLopez3020,102641,Action
RyanAdams3287,104536,Comedy
MalikSalin3695,103104,Comedy
MollySnyde3055,104880,Drama
JohnJacks3183,101956,Drama
AllenJames3284,105287,Kids
CarloGarci3768,101574,Action
JosepMitch3832,105120,Kids
LindaNelso3223,101992,Documentary
CindyGraha3833,102671,Drama
FrankRando3147,104634,Comedy
LisaKrueg3090,102276,LGBTQ
RebecConne3368,100281,Action
DeanKaise3857,102255,Horror
MeganMahon3303,102525,Action
DanieRoth3142,101955,Horror
TiffaClark3445,103118,Suspense
JesseDougl3738,104780,Drama
MichaLawso3189,101757,Drama
SharoMurra3233,100524,Action
JessiRubio3010,100537,Music Videos and Concerts
SarahYoung3842,104410,Drama
JulieJacob3638,100849,Comedy
JohnLara3515,101440,Historical
StaceKelly3806,102445,Action
JohnMorga3390,104261,Drama
JenniShaw3161,100720,Comedy
KarenWalke3789,100311,Action
YvonnAguil3426,104805,Comedy
ZachaAguil3006,103299,Comedy
JoshuLam3366,103342,Documentary
MatthJohns3365,102338,Drama
BradlOconn3050,104197,Drama
JaimeNorri3021,104489,Animation
JosepMccoy3763,103012,Special Interest
CharlCueva3241,100724,Documentary
JoseReeve3499,105524,Comedy
TimotGreen3199,101792,Drama
MichaGomez3202,101791,Documentary
MargaCantu3111,102450,Action
JamesCline3244,103628,Suspense
BrendDawso3688,103779,Comedy
TiffaPerry3170,104470,Arts
WandaGaine3892,102407,Drama
AndreMoren3089,103615,Arts
KimbeAdams3270,103855,Anime
TroyOsbor3219,100275,Drama
RichaBecke3670,105685,Documentary
DawnCole3612,102552,Drama
KimbeTaylo2988,102254,Arts
CaitlGalle3702,105867,Documentary
NoahSchmi3343,104854,Action
WilliWells3174,103417,Comedy
PaulReeve3394,103899,Comedy
RebecStanl3201,105211,Drama
CassaNicho3747,105670,Documentary
SamanHatfi3331,103416,Arts
AmandRamir2962,101640,Arts
HarryObrie3642,101929,Arts
JessiLam3372,105071,Western
NichoHorto3810,100012,Comedy
ElizaChen3651,100126,Arts
TeresHanse3254,104064,Documentary
AndreKirby3740,103458,Action
WilliRamse3504,103415,Comedy
CharlChang3129,105438,Drama
JenniSoto3116,105439,Action
StanlHines2977,102543,Action
KevinAshle3502,105263,Action
SarahKirby3334,101546,Horror
ShawnMcfar3168,101668,Action
MichaAvila3210,101606,Documentary
TroyTaylo3624,101294,Horror
MeganPerry3630,103641,Animation
AllisNovak3667,105742,Horror
KimShelt3854,105666,Documentary
KyleSmith2980,101332,Arts
JohnLowe3285,101604,Special Interest
ShannStanl3845,100056,Documentary
RoberCraig3173,104633,Comedy
ToddCruz3459,104839,Kids
NormaDavis3896,104981,Action
HeathKaufm3060,101626,Western
JenniMorri3359,104173,Drama
TiffaStone3719,104499,Arts
JustiNiels3764,103311,Horror
StacyPope2975,105426,Action
BrendGarre3044,101783,Comedy
RacheCruz2971,102171,Drama
MelisJorda3187,104029,Action
KatieGriff3431,104838,Comedy
ScottWells3662,102828,Documentary
LindsRay3802,102227,Drama
SamanCarte3461,101800,Action
ChrisLebla3665,100710,Drama
DanieMacia3686,105206,Comedy
JoshuSmith3664,101979,Comedy
TylerStewa3134,100662,Action
PaulCoffe3496,103128,Action
TracyTran3562,105478,Drama
HayleSulli3711,105404,Action
NinaOlive3163,100821,Documentary
MarkCorte3596,105668,Drama
SueChapm3518,103695,Arts
RyanDavis3778,103793,Horror
KristBlack3818,100814,Documentary
LisaSilva2999,103243,Western
KelseRoger3369,103654,Documentary
SeanTurne3318,100912,Comedy
JasmiJacob3616,100714,Arts
JohnMille3302,100003,Kids
JasmiKirk3650,103972,Documentary
MatthWest3126,100006,Documentary
DavidSanch3736,105511,Drama
DonnaJames3799,101835,Drama
LesliAlvar3548,103511,Action
TanyaWilli3249,104322,Comedy
StephMitch3482,105808,Drama
ElizaWilso3100,104388,Comedy
WesleLozan3363,102784,Comedy
KatheWest3823,100869,Drama
CodyMoore3579,105823,Science Fiction
KimbeRusse3569,101886,Suspense
MeghaCunni3731,104381,Action
DianeCopel3274,102819,Action
CarolThoma3113,103361,Arts
PamelWhite3834,103474,Action
HelenJohns3136,102711,Kids
BarbaFranc3421,100674,Special Interest
AndreEdwar3301,104531,Comedy
NathaCruz3238,101727,Action
JohnnBrady2983,102038,Arts
DawnRay3422,100669,Horror
MichaLower3647,100919,Arts
CoreyMoyer3850,102524,Documentary
TanyaSmith3213,100500,Comedy
PatriTate3586,105176,Comedy
SarahNelso3261,103902,Documentary
EricSteph3437,101876,Documentary
KatheHayes3703,102607,Drama
JosepReid3117,105716,Drama
DenisMedin3442,105717,Animation
CathyMeza3181,105830,International
MatthNicho3644,104255,Action
ThomaLewis3091,100643,Comedy
TommyCarro3788,100457,Comedy
SamanNguye3893,104027,Action
LaureWard3265,104490,Kids
EricMurph3212,104280,Drama
TinaGreen3248,100589,Animation
JuditCasti3112,101699,Action
ChrisHubba3848,104942,Drama
ShannFreem3092,104277,Documentary
